CandidateVectorId,EquivalenceClassId,RepresentativeVectorId,Retained,EquivalenceSignatureSha256,EquivalenceSignature,MessageAlias,Scenario,StateBefore,VectorType,Perturbation,ConfigHash,RequirementId,CoverageObligations,InputSeed,ReductionReason,DataOrigin
V0001,EC-001,V0001,true,4b27e0dc437955da4c109310a9560dcc1d93f1c4530d830cb36af9155de63044,"{""config_hash"":""47c95dd4fc3ad73a"",""coverage_obligations"":""MESSAGE:PDU-A|STATE:SYNC|PERTURBATION:NONE|REQUIREMENT:REQ-VALID-DELIVERY"",""message_alias"":""PDU-A"",""perturbation"":""NONE"",""requirement_id"":""REQ-VALID-DELIVERY"",""scenario"":""合法基准通信"",""state_before"":""SYNC"",""vector_type"":""VALID""}",PDU-A,合法基准通信,SYNC,VALID,NONE,47c95dd4fc3ad73a,REQ-VALID-DELIVERY,MESSAGE:PDU-A|STATE:SYNC|PERTURBATION:NONE|REQUIREMENT:REQ-VALID-DELIVERY,20260912,lowest VectorId retained as deterministic representative,derived_from_disclosed_candidate_vectors
V0002,EC-001,V0001,false,4b27e0dc437955da4c109310a9560dcc1d93f1c4530d830cb36af9155de63044,"{""config_hash"":""47c95dd4fc3ad73a"",""coverage_obligations"":""MESSAGE:PDU-A|STATE:SYNC|PERTURBATION:NONE|REQUIREMENT:REQ-VALID-DELIVERY"",""message_alias"":""PDU-A"",""perturbation"":""NONE"",""requirement_id"":""REQ-VALID-DELIVERY"",""scenario"":""合法基准通信"",""state_before"":""SYNC"",""vector_type"":""VALID""}",PDU-A,合法基准通信,SYNC,VALID,NONE,47c95dd4fc3ad73a,REQ-VALID-DELIVERY,MESSAGE:PDU-A|STATE:SYNC|PERTURBATION:NONE|REQUIREMENT:REQ-VALID-DELIVERY,20260913,same observable semantic signature as representative,derived_from_disclosed_candidate_vectors
V0003,EC-001,V0001,false,4b27e0dc437955da4c109310a9560dcc1d93f1c4530d830cb36af9155de63044,"{""config_hash"":""47c95dd4fc3ad73a"",""coverage_obligations"":""MESSAGE:PDU-A|STATE:SYNC|PERTURBATION:NONE|REQUIREMENT:REQ-VALID-DELIVERY"",""message_alias"":""PDU-A"",""perturbation"":""NONE"",""requirement_id"":""REQ-VALID-DELIVERY"",""scenario"":""合法基准通信"",""state_before"":""SYNC"",""vector_type"":""VALID""}",PDU-A,合法基准通信,SYNC,VALID,NONE,47c95dd4fc3ad73a,REQ-VALID-DELIVERY,MESSAGE:PDU-A|STATE:SYNC|PERTURBATION:NONE|REQUIREMENT:REQ-VALID-DELIVERY,20260914,same observable semantic signature as representative,derived_from_disclosed_candidate_vectors
V0004,EC-001,V0001,false,4b27e0dc437955da4c109310a9560dcc1d93f1c4530d830cb36af9155de63044,"{""config_hash"":""47c95dd4fc3ad73a"",""coverage_obligations"":""MESSAGE:PDU-A|STATE:SYNC|PERTURBATION:NONE|REQUIREMENT:REQ-VALID-DELIVERY"",""message_alias"":""PDU-A"",""perturbation"":""NONE"",""requirement_id"":""REQ-VALID-DELIVERY"",""scenario"":""合法基准通信"",""state_before"":""SYNC"",""vector_type"":""VALID""}",PDU-A,合法基准通信,SYNC,VALID,NONE,47c95dd4fc3ad73a,REQ-VALID-DELIVERY,MESSAGE:PDU-A|STATE:SYNC|PERTURBATION:NONE|REQUIREMENT:REQ-VALID-DELIVERY,20260915,same observable semantic signature as representative,derived_from_disclosed_candidate_vectors
V0005,EC-001,V0001,false,4b27e0dc437955da4c109310a9560dcc1d93f1c4530d830cb36af9155de63044,"{""config_hash"":""47c95dd4fc3ad73a"",""coverage_obligations"":""MESSAGE:PDU-A|STATE:SYNC|PERTURBATION:NONE|REQUIREMENT:REQ-VALID-DELIVERY"",""message_alias"":""PDU-A"",""perturbation"":""NONE"",""requirement_id"":""REQ-VALID-DELIVERY"",""scenario"":""合法基准通信"",""state_before"":""SYNC"",""vector_type"":""VALID""}",PDU-A,合法基准通信,SYNC,VALID,NONE,47c95dd4fc3ad73a,REQ-VALID-DELIVERY,MESSAGE:PDU-A|STATE:SYNC|PERTURBATION:NONE|REQUIREMENT:REQ-VALID-DELIVERY,20260916,same observable semantic signature as representative,derived_from_disclosed_candidate_vectors
V0006,EC-002,V0006,true,cc929717d09a99f0be3fc8bad7f1d722946211c67cf8346184c7c8cc3dc32258,"{""config_hash"":""47c95dd4fc3ad73a"",""coverage_obligations"":""MESSAGE:PDU-A|STATE:SYNC|PERTURBATION:XOR_0x01_AT_AUTH_AREA_OFFSET|REQUIREMENT:REQ-AUTH-AREA-INTEGRITY"",""message_alias"":""PDU-A"",""perturbation"":""XOR_0x01_AT_AUTH_AREA_OFFSET"",""requirement_id"":""REQ-AUTH-AREA-INTEGRITY"",""scenario"":""受认证区域内载荷篡改"",""state_before"":""SYNC"",""vector_type"":""TAMPER""}",PDU-A,受认证区域内载荷篡改,SYNC,TAMPER,XOR_0x01_AT_AUTH_AREA_OFFSET,47c95dd4fc3ad73a,REQ-AUTH-AREA-INTEGRITY,MESSAGE:PDU-A|STATE:SYNC|PERTURBATION:XOR_0x01_AT_AUTH_AREA_OFFSET|REQUIREMENT:REQ-AUTH-AREA-INTEGRITY,20261012,lowest VectorId retained as deterministic representative,derived_from_disclosed_candidate_vectors
V0007,EC-002,V0006,false,cc929717d09a99f0be3fc8bad7f1d722946211c67cf8346184c7c8cc3dc32258,"{""config_hash"":""47c95dd4fc3ad73a"",""coverage_obligations"":""MESSAGE:PDU-A|STATE:SYNC|PERTURBATION:XOR_0x01_AT_AUTH_AREA_OFFSET|REQUIREMENT:REQ-AUTH-AREA-INTEGRITY"",""message_alias"":""PDU-A"",""perturbation"":""XOR_0x01_AT_AUTH_AREA_OFFSET"",""requirement_id"":""REQ-AUTH-AREA-INTEGRITY"",""scenario"":""受认证区域内载荷篡改"",""state_before"":""SYNC"",""vector_type"":""TAMPER""}",PDU-A,受认证区域内载荷篡改,SYNC,TAMPER,XOR_0x01_AT_AUTH_AREA_OFFSET,47c95dd4fc3ad73a,REQ-AUTH-AREA-INTEGRITY,MESSAGE:PDU-A|STATE:SYNC|PERTURBATION:XOR_0x01_AT_AUTH_AREA_OFFSET|REQUIREMENT:REQ-AUTH-AREA-INTEGRITY,20261013,same observable semantic signature as representative,derived_from_disclosed_candidate_vectors
V0008,EC-002,V0006,false,cc929717d09a99f0be3fc8bad7f1d722946211c67cf8346184c7c8cc3dc32258,"{""config_hash"":""47c95dd4fc3ad73a"",""coverage_obligations"":""MESSAGE:PDU-A|STATE:SYNC|PERTURBATION:XOR_0x01_AT_AUTH_AREA_OFFSET|REQUIREMENT:REQ-AUTH-AREA-INTEGRITY"",""message_alias"":""PDU-A"",""perturbation"":""XOR_0x01_AT_AUTH_AREA_OFFSET"",""requirement_id"":""REQ-AUTH-AREA-INTEGRITY"",""scenario"":""受认证区域内载荷篡改"",""state_before"":""SYNC"",""vector_type"":""TAMPER""}",PDU-A,受认证区域内载荷篡改,SYNC,TAMPER,XOR_0x01_AT_AUTH_AREA_OFFSET,47c95dd4fc3ad73a,REQ-AUTH-AREA-INTEGRITY,MESSAGE:PDU-A|STATE:SYNC|PERTURBATION:XOR_0x01_AT_AUTH_AREA_OFFSET|REQUIREMENT:REQ-AUTH-AREA-INTEGRITY,20261014,same observable semantic signature as representative,derived_from_disclosed_candidate_vectors
V0009,EC-002,V0006,false,cc929717d09a99f0be3fc8bad7f1d722946211c67cf8346184c7c8cc3dc32258,"{""config_hash"":""47c95dd4fc3ad73a"",""coverage_obligations"":""MESSAGE:PDU-A|STATE:SYNC|PERTURBATION:XOR_0x01_AT_AUTH_AREA_OFFSET|REQUIREMENT:REQ-AUTH-AREA-INTEGRITY"",""message_alias"":""PDU-A"",""perturbation"":""XOR_0x01_AT_AUTH_AREA_OFFSET"",""requirement_id"":""REQ-AUTH-AREA-INTEGRITY"",""scenario"":""受认证区域内载荷篡改"",""state_before"":""SYNC"",""vector_type"":""TAMPER""}",PDU-A,受认证区域内载荷篡改,SYNC,TAMPER,XOR_0x01_AT_AUTH_AREA_OFFSET,47c95dd4fc3ad73a,REQ-AUTH-AREA-INTEGRITY,MESSAGE:PDU-A|STATE:SYNC|PERTURBATION:XOR_0x01_AT_AUTH_AREA_OFFSET|REQUIREMENT:REQ-AUTH-AREA-INTEGRITY,20261015,same observable semantic signature as representative,derived_from_disclosed_candidate_vectors
V0010,EC-002,V0006,false,cc929717d09a99f0be3fc8bad7f1d722946211c67cf8346184c7c8cc3dc32258,"{""config_hash"":""47c95dd4fc3ad73a"",""coverage_obligations"":""MESSAGE:PDU-A|STATE:SYNC|PERTURBATION:XOR_0x01_AT_AUTH_AREA_OFFSET|REQUIREMENT:REQ-AUTH-AREA-INTEGRITY"",""message_alias"":""PDU-A"",""perturbation"":""XOR_0x01_AT_AUTH_AREA_OFFSET"",""requirement_id"":""REQ-AUTH-AREA-INTEGRITY"",""scenario"":""受认证区域内载荷篡改"",""state_before"":""SYNC"",""vector_type"":""TAMPER""}",PDU-A,受认证区域内载荷篡改,SYNC,TAMPER,XOR_0x01_AT_AUTH_AREA_OFFSET,47c95dd4fc3ad73a,REQ-AUTH-AREA-INTEGRITY,MESSAGE:PDU-A|STATE:SYNC|PERTURBATION:XOR_0x01_AT_AUTH_AREA_OFFSET|REQUIREMENT:REQ-AUTH-AREA-INTEGRITY,20261016,same observable semantic signature as representative,derived_from_disclosed_candidate_vectors
V0011,EC-003,V0011,true,b20067859b751c816c7c28127f3fb1ed15847304df192968caa9f10bccf9aa57,"{""config_hash"":""47c95dd4fc3ad73a"",""coverage_obligations"":""MESSAGE:PDU-A|STATE:SYNC|PERTURBATION:REPLACE_TRUNCATED_MAC_WITH_ZERO|REQUIREMENT:REQ-MAC-FORGERY-REJECTION"",""message_alias"":""PDU-A"",""perturbation"":""REPLACE_TRUNCATED_MAC_WITH_ZERO"",""requirement_id"":""REQ-MAC-FORGERY-REJECTION"",""scenario"":""全零认证器伪造"",""state_before"":""SYNC"",""vector_type"":""TAMPER""}",PDU-A,全零认证器伪造,SYNC,TAMPER,REPLACE_TRUNCATED_MAC_WITH_ZERO,47c95dd4fc3ad73a,REQ-MAC-FORGERY-REJECTION,MESSAGE:PDU-A|STATE:SYNC|PERTURBATION:REPLACE_TRUNCATED_MAC_WITH_ZERO|REQUIREMENT:REQ-MAC-FORGERY-REJECTION,20261112,lowest VectorId retained as deterministic representative,derived_from_disclosed_candidate_vectors
V0012,EC-003,V0011,false,b20067859b751c816c7c28127f3fb1ed15847304df192968caa9f10bccf9aa57,"{""config_hash"":""47c95dd4fc3ad73a"",""coverage_obligations"":""MESSAGE:PDU-A|STATE:SYNC|PERTURBATION:REPLACE_TRUNCATED_MAC_WITH_ZERO|REQUIREMENT:REQ-MAC-FORGERY-REJECTION"",""message_alias"":""PDU-A"",""perturbation"":""REPLACE_TRUNCATED_MAC_WITH_ZERO"",""requirement_id"":""REQ-MAC-FORGERY-REJECTION"",""scenario"":""全零认证器伪造"",""state_before"":""SYNC"",""vector_type"":""TAMPER""}",PDU-A,全零认证器伪造,SYNC,TAMPER,REPLACE_TRUNCATED_MAC_WITH_ZERO,47c95dd4fc3ad73a,REQ-MAC-FORGERY-REJECTION,MESSAGE:PDU-A|STATE:SYNC|PERTURBATION:REPLACE_TRUNCATED_MAC_WITH_ZERO|REQUIREMENT:REQ-MAC-FORGERY-REJECTION,20261113,same observable semantic signature as representative,derived_from_disclosed_candidate_vectors
V0013,EC-003,V0011,false,b20067859b751c816c7c28127f3fb1ed15847304df192968caa9f10bccf9aa57,"{""config_hash"":""47c95dd4fc3ad73a"",""coverage_obligations"":""MESSAGE:PDU-A|STATE:SYNC|PERTURBATION:REPLACE_TRUNCATED_MAC_WITH_ZERO|REQUIREMENT:REQ-MAC-FORGERY-REJECTION"",""message_alias"":""PDU-A"",""perturbation"":""REPLACE_TRUNCATED_MAC_WITH_ZERO"",""requirement_id"":""REQ-MAC-FORGERY-REJECTION"",""scenario"":""全零认证器伪造"",""state_before"":""SYNC"",""vector_type"":""TAMPER""}",PDU-A,全零认证器伪造,SYNC,TAMPER,REPLACE_TRUNCATED_MAC_WITH_ZERO,47c95dd4fc3ad73a,REQ-MAC-FORGERY-REJECTION,MESSAGE:PDU-A|STATE:SYNC|PERTURBATION:REPLACE_TRUNCATED_MAC_WITH_ZERO|REQUIREMENT:REQ-MAC-FORGERY-REJECTION,20261114,same observable semantic signature as representative,derived_from_disclosed_candidate_vectors
V0014,EC-003,V0011,false,b20067859b751c816c7c28127f3fb1ed15847304df192968caa9f10bccf9aa57,"{""config_hash"":""47c95dd4fc3ad73a"",""coverage_obligations"":""MESSAGE:PDU-A|STATE:SYNC|PERTURBATION:REPLACE_TRUNCATED_MAC_WITH_ZERO|REQUIREMENT:REQ-MAC-FORGERY-REJECTION"",""message_alias"":""PDU-A"",""perturbation"":""REPLACE_TRUNCATED_MAC_WITH_ZERO"",""requirement_id"":""REQ-MAC-FORGERY-REJECTION"",""scenario"":""全零认证器伪造"",""state_before"":""SYNC"",""vector_type"":""TAMPER""}",PDU-A,全零认证器伪造,SYNC,TAMPER,REPLACE_TRUNCATED_MAC_WITH_ZERO,47c95dd4fc3ad73a,REQ-MAC-FORGERY-REJECTION,MESSAGE:PDU-A|STATE:SYNC|PERTURBATION:REPLACE_TRUNCATED_MAC_WITH_ZERO|REQUIREMENT:REQ-MAC-FORGERY-REJECTION,20261115,same observable semantic signature as representative,derived_from_disclosed_candidate_vectors
V0015,EC-003,V0011,false,b20067859b751c816c7c28127f3fb1ed15847304df192968caa9f10bccf9aa57,"{""config_hash"":""47c95dd4fc3ad73a"",""coverage_obligations"":""MESSAGE:PDU-A|STATE:SYNC|PERTURBATION:REPLACE_TRUNCATED_MAC_WITH_ZERO|REQUIREMENT:REQ-MAC-FORGERY-REJECTION"",""message_alias"":""PDU-A"",""perturbation"":""REPLACE_TRUNCATED_MAC_WITH_ZERO"",""requirement_id"":""REQ-MAC-FORGERY-REJECTION"",""scenario"":""全零认证器伪造"",""state_before"":""SYNC"",""vector_type"":""TAMPER""}",PDU-A,全零认证器伪造,SYNC,TAMPER,REPLACE_TRUNCATED_MAC_WITH_ZERO,47c95dd4fc3ad73a,REQ-MAC-FORGERY-REJECTION,MESSAGE:PDU-A|STATE:SYNC|PERTURBATION:REPLACE_TRUNCATED_MAC_WITH_ZERO|REQUIREMENT:REQ-MAC-FORGERY-REJECTION,20261116,same observable semantic signature as representative,derived_from_disclosed_candidate_vectors
V0016,EC-004,V0016,true,085a6c2275a6dc383bc5421c4f82eca2ab4bfc1861a3e542fa207b82f0eed89b,"{""config_hash"":""47c95dd4fc3ad73a"",""coverage_obligations"":""MESSAGE:PDU-A|STATE:SYNC|PERTURBATION:REPLAY_PREVIOUSLY_ACCEPTED_SECURED_PDU|REQUIREMENT:REQ-FRESHNESS-REPLAY-REJECTION"",""message_alias"":""PDU-A"",""perturbation"":""REPLAY_PREVIOUSLY_ACCEPTED_SECURED_PDU"",""requirement_id"":""REQ-FRESHNESS-REPLAY-REJECTION"",""scenario"":""已接收报文重放"",""state_before"":""SYNC"",""vector_type"":""REPLAY""}",PDU-A,已接收报文重放,SYNC,REPLAY,REPLAY_PREVIOUSLY_ACCEPTED_SECURED_PDU,47c95dd4fc3ad73a,REQ-FRESHNESS-REPLAY-REJECTION,MESSAGE:PDU-A|STATE:SYNC|PERTURBATION:REPLAY_PREVIOUSLY_ACCEPTED_SECURED_PDU|REQUIREMENT:REQ-FRESHNESS-REPLAY-REJECTION,20261212,lowest VectorId retained as deterministic representative,derived_from_disclosed_candidate_vectors
V0017,EC-004,V0016,false,085a6c2275a6dc383bc5421c4f82eca2ab4bfc1861a3e542fa207b82f0eed89b,"{""config_hash"":""47c95dd4fc3ad73a"",""coverage_obligations"":""MESSAGE:PDU-A|STATE:SYNC|PERTURBATION:REPLAY_PREVIOUSLY_ACCEPTED_SECURED_PDU|REQUIREMENT:REQ-FRESHNESS-REPLAY-REJECTION"",""message_alias"":""PDU-A"",""perturbation"":""REPLAY_PREVIOUSLY_ACCEPTED_SECURED_PDU"",""requirement_id"":""REQ-FRESHNESS-REPLAY-REJECTION"",""scenario"":""已接收报文重放"",""state_before"":""SYNC"",""vector_type"":""REPLAY""}",PDU-A,已接收报文重放,SYNC,REPLAY,REPLAY_PREVIOUSLY_ACCEPTED_SECURED_PDU,47c95dd4fc3ad73a,REQ-FRESHNESS-REPLAY-REJECTION,MESSAGE:PDU-A|STATE:SYNC|PERTURBATION:REPLAY_PREVIOUSLY_ACCEPTED_SECURED_PDU|REQUIREMENT:REQ-FRESHNESS-REPLAY-REJECTION,20261213,same observable semantic signature as representative,derived_from_disclosed_candidate_vectors
V0018,EC-004,V0016,false,085a6c2275a6dc383bc5421c4f82eca2ab4bfc1861a3e542fa207b82f0eed89b,"{""config_hash"":""47c95dd4fc3ad73a"",""coverage_obligations"":""MESSAGE:PDU-A|STATE:SYNC|PERTURBATION:REPLAY_PREVIOUSLY_ACCEPTED_SECURED_PDU|REQUIREMENT:REQ-FRESHNESS-REPLAY-REJECTION"",""message_alias"":""PDU-A"",""perturbation"":""REPLAY_PREVIOUSLY_ACCEPTED_SECURED_PDU"",""requirement_id"":""REQ-FRESHNESS-REPLAY-REJECTION"",""scenario"":""已接收报文重放"",""state_before"":""SYNC"",""vector_type"":""REPLAY""}",PDU-A,已接收报文重放,SYNC,REPLAY,REPLAY_PREVIOUSLY_ACCEPTED_SECURED_PDU,47c95dd4fc3ad73a,REQ-FRESHNESS-REPLAY-REJECTION,MESSAGE:PDU-A|STATE:SYNC|PERTURBATION:REPLAY_PREVIOUSLY_ACCEPTED_SECURED_PDU|REQUIREMENT:REQ-FRESHNESS-REPLAY-REJECTION,20261214,same observable semantic signature as representative,derived_from_disclosed_candidate_vectors
V0019,EC-004,V0016,false,085a6c2275a6dc383bc5421c4f82eca2ab4bfc1861a3e542fa207b82f0eed89b,"{""config_hash"":""47c95dd4fc3ad73a"",""coverage_obligations"":""MESSAGE:PDU-A|STATE:SYNC|PERTURBATION:REPLAY_PREVIOUSLY_ACCEPTED_SECURED_PDU|REQUIREMENT:REQ-FRESHNESS-REPLAY-REJECTION"",""message_alias"":""PDU-A"",""perturbation"":""REPLAY_PREVIOUSLY_ACCEPTED_SECURED_PDU"",""requirement_id"":""REQ-FRESHNESS-REPLAY-REJECTION"",""scenario"":""已接收报文重放"",""state_before"":""SYNC"",""vector_type"":""REPLAY""}",PDU-A,已接收报文重放,SYNC,REPLAY,REPLAY_PREVIOUSLY_ACCEPTED_SECURED_PDU,47c95dd4fc3ad73a,REQ-FRESHNESS-REPLAY-REJECTION,MESSAGE:PDU-A|STATE:SYNC|PERTURBATION:REPLAY_PREVIOUSLY_ACCEPTED_SECURED_PDU|REQUIREMENT:REQ-FRESHNESS-REPLAY-REJECTION,20261215,same observable semantic signature as representative,derived_from_disclosed_candidate_vectors
V0020,EC-004,V0016,false,085a6c2275a6dc383bc5421c4f82eca2ab4bfc1861a3e542fa207b82f0eed89b,"{""config_hash"":""47c95dd4fc3ad73a"",""coverage_obligations"":""MESSAGE:PDU-A|STATE:SYNC|PERTURBATION:REPLAY_PREVIOUSLY_ACCEPTED_SECURED_PDU|REQUIREMENT:REQ-FRESHNESS-REPLAY-REJECTION"",""message_alias"":""PDU-A"",""perturbation"":""REPLAY_PREVIOUSLY_ACCEPTED_SECURED_PDU"",""requirement_id"":""REQ-FRESHNESS-REPLAY-REJECTION"",""scenario"":""已接收报文重放"",""state_before"":""SYNC"",""vector_type"":""REPLAY""}",PDU-A,已接收报文重放,SYNC,REPLAY,REPLAY_PREVIOUSLY_ACCEPTED_SECURED_PDU,47c95dd4fc3ad73a,REQ-FRESHNESS-REPLAY-REJECTION,MESSAGE:PDU-A|STATE:SYNC|PERTURBATION:REPLAY_PREVIOUSLY_ACCEPTED_SECURED_PDU|REQUIREMENT:REQ-FRESHNESS-REPLAY-REJECTION,20261216,same observable semantic signature as representative,derived_from_disclosed_candidate_vectors
V0021,EC-005,V0021,true,cf67af23d5eaf1aac391cbd6bad9bc346f3bee44e9bfdc88dcc8cc32d63936c0,"{""config_hash"":""47c95dd4fc3ad73a"",""coverage_obligations"":""MESSAGE:PDU-A|STATE:ROLLOVER_PENDING|PERTURBATION:AUTHENTICATED_POST_ROLLOVER_LOW_FV_5|REQUIREMENT:REQ-ROLLOVER-GATING"",""message_alias"":""PDU-A"",""perturbation"":""AUTHENTICATED_POST_ROLLOVER_LOW_FV_5"",""requirement_id"":""REQ-ROLLOVER-GATING"",""scenario"":""严格策略下FV回绕候选"",""state_before"":""ROLLOVER_PENDING"",""vector_type"":""BOUNDARY_OUT""}",PDU-A,严格策略下FV回绕候选,ROLLOVER_PENDING,BOUNDARY_OUT,AUTHENTICATED_POST_ROLLOVER_LOW_FV_5,47c95dd4fc3ad73a,REQ-ROLLOVER-GATING,MESSAGE:PDU-A|STATE:ROLLOVER_PENDING|PERTURBATION:AUTHENTICATED_POST_ROLLOVER_LOW_FV_5|REQUIREMENT:REQ-ROLLOVER-GATING,20261312,lowest VectorId retained as deterministic representative,derived_from_disclosed_candidate_vectors
V0022,EC-005,V0021,false,cf67af23d5eaf1aac391cbd6bad9bc346f3bee44e9bfdc88dcc8cc32d63936c0,"{""config_hash"":""47c95dd4fc3ad73a"",""coverage_obligations"":""MESSAGE:PDU-A|STATE:ROLLOVER_PENDING|PERTURBATION:AUTHENTICATED_POST_ROLLOVER_LOW_FV_5|REQUIREMENT:REQ-ROLLOVER-GATING"",""message_alias"":""PDU-A"",""perturbation"":""AUTHENTICATED_POST_ROLLOVER_LOW_FV_5"",""requirement_id"":""REQ-ROLLOVER-GATING"",""scenario"":""严格策略下FV回绕候选"",""state_before"":""ROLLOVER_PENDING"",""vector_type"":""BOUNDARY_OUT""}",PDU-A,严格策略下FV回绕候选,ROLLOVER_PENDING,BOUNDARY_OUT,AUTHENTICATED_POST_ROLLOVER_LOW_FV_5,47c95dd4fc3ad73a,REQ-ROLLOVER-GATING,MESSAGE:PDU-A|STATE:ROLLOVER_PENDING|PERTURBATION:AUTHENTICATED_POST_ROLLOVER_LOW_FV_5|REQUIREMENT:REQ-ROLLOVER-GATING,20261313,same observable semantic signature as representative,derived_from_disclosed_candidate_vectors
V0023,EC-005,V0021,false,cf67af23d5eaf1aac391cbd6bad9bc346f3bee44e9bfdc88dcc8cc32d63936c0,"{""config_hash"":""47c95dd4fc3ad73a"",""coverage_obligations"":""MESSAGE:PDU-A|STATE:ROLLOVER_PENDING|PERTURBATION:AUTHENTICATED_POST_ROLLOVER_LOW_FV_5|REQUIREMENT:REQ-ROLLOVER-GATING"",""message_alias"":""PDU-A"",""perturbation"":""AUTHENTICATED_POST_ROLLOVER_LOW_FV_5"",""requirement_id"":""REQ-ROLLOVER-GATING"",""scenario"":""严格策略下FV回绕候选"",""state_before"":""ROLLOVER_PENDING"",""vector_type"":""BOUNDARY_OUT""}",PDU-A,严格策略下FV回绕候选,ROLLOVER_PENDING,BOUNDARY_OUT,AUTHENTICATED_POST_ROLLOVER_LOW_FV_5,47c95dd4fc3ad73a,REQ-ROLLOVER-GATING,MESSAGE:PDU-A|STATE:ROLLOVER_PENDING|PERTURBATION:AUTHENTICATED_POST_ROLLOVER_LOW_FV_5|REQUIREMENT:REQ-ROLLOVER-GATING,20261314,same observable semantic signature as representative,derived_from_disclosed_candidate_vectors
V0024,EC-005,V0021,false,cf67af23d5eaf1aac391cbd6bad9bc346f3bee44e9bfdc88dcc8cc32d63936c0,"{""config_hash"":""47c95dd4fc3ad73a"",""coverage_obligations"":""MESSAGE:PDU-A|STATE:ROLLOVER_PENDING|PERTURBATION:AUTHENTICATED_POST_ROLLOVER_LOW_FV_5|REQUIREMENT:REQ-ROLLOVER-GATING"",""message_alias"":""PDU-A"",""perturbation"":""AUTHENTICATED_POST_ROLLOVER_LOW_FV_5"",""requirement_id"":""REQ-ROLLOVER-GATING"",""scenario"":""严格策略下FV回绕候选"",""state_before"":""ROLLOVER_PENDING"",""vector_type"":""BOUNDARY_OUT""}",PDU-A,严格策略下FV回绕候选,ROLLOVER_PENDING,BOUNDARY_OUT,AUTHENTICATED_POST_ROLLOVER_LOW_FV_5,47c95dd4fc3ad73a,REQ-ROLLOVER-GATING,MESSAGE:PDU-A|STATE:ROLLOVER_PENDING|PERTURBATION:AUTHENTICATED_POST_ROLLOVER_LOW_FV_5|REQUIREMENT:REQ-ROLLOVER-GATING,20261315,same observable semantic signature as representative,derived_from_disclosed_candidate_vectors
V0025,EC-005,V0021,false,cf67af23d5eaf1aac391cbd6bad9bc346f3bee44e9bfdc88dcc8cc32d63936c0,"{""config_hash"":""47c95dd4fc3ad73a"",""coverage_obligations"":""MESSAGE:PDU-A|STATE:ROLLOVER_PENDING|PERTURBATION:AUTHENTICATED_POST_ROLLOVER_LOW_FV_5|REQUIREMENT:REQ-ROLLOVER-GATING"",""message_alias"":""PDU-A"",""perturbation"":""AUTHENTICATED_POST_ROLLOVER_LOW_FV_5"",""requirement_id"":""REQ-ROLLOVER-GATING"",""scenario"":""严格策略下FV回绕候选"",""state_before"":""ROLLOVER_PENDING"",""vector_type"":""BOUNDARY_OUT""}",PDU-A,严格策略下FV回绕候选,ROLLOVER_PENDING,BOUNDARY_OUT,AUTHENTICATED_POST_ROLLOVER_LOW_FV_5,47c95dd4fc3ad73a,REQ-ROLLOVER-GATING,MESSAGE:PDU-A|STATE:ROLLOVER_PENDING|PERTURBATION:AUTHENTICATED_POST_ROLLOVER_LOW_FV_5|REQUIREMENT:REQ-ROLLOVER-GATING,20261316,same observable semantic signature as representative,derived_from_disclosed_candidate_vectors
V0026,EC-006,V0026,true,c45f62a521f65e2dd764d8ab7510a6f4bdd035e1ab19dc95f57e5382821f31a6,"{""config_hash"":""9eed31c538ea306b"",""coverage_obligations"":""MESSAGE:PDU-B|STATE:SYNC|PERTURBATION:NONE|REQUIREMENT:REQ-VALID-DELIVERY"",""message_alias"":""PDU-B"",""perturbation"":""NONE"",""requirement_id"":""REQ-VALID-DELIVERY"",""scenario"":""合法基准通信"",""state_before"":""SYNC"",""vector_type"":""VALID""}",PDU-B,合法基准通信,SYNC,VALID,NONE,9eed31c538ea306b,REQ-VALID-DELIVERY,MESSAGE:PDU-B|STATE:SYNC|PERTURBATION:NONE|REQUIREMENT:REQ-VALID-DELIVERY,20270912,lowest VectorId retained as deterministic representative,derived_from_disclosed_candidate_vectors
V0027,EC-006,V0026,false,c45f62a521f65e2dd764d8ab7510a6f4bdd035e1ab19dc95f57e5382821f31a6,"{""config_hash"":""9eed31c538ea306b"",""coverage_obligations"":""MESSAGE:PDU-B|STATE:SYNC|PERTURBATION:NONE|REQUIREMENT:REQ-VALID-DELIVERY"",""message_alias"":""PDU-B"",""perturbation"":""NONE"",""requirement_id"":""REQ-VALID-DELIVERY"",""scenario"":""合法基准通信"",""state_before"":""SYNC"",""vector_type"":""VALID""}",PDU-B,合法基准通信,SYNC,VALID,NONE,9eed31c538ea306b,REQ-VALID-DELIVERY,MESSAGE:PDU-B|STATE:SYNC|PERTURBATION:NONE|REQUIREMENT:REQ-VALID-DELIVERY,20270913,same observable semantic signature as representative,derived_from_disclosed_candidate_vectors
V0028,EC-006,V0026,false,c45f62a521f65e2dd764d8ab7510a6f4bdd035e1ab19dc95f57e5382821f31a6,"{""config_hash"":""9eed31c538ea306b"",""coverage_obligations"":""MESSAGE:PDU-B|STATE:SYNC|PERTURBATION:NONE|REQUIREMENT:REQ-VALID-DELIVERY"",""message_alias"":""PDU-B"",""perturbation"":""NONE"",""requirement_id"":""REQ-VALID-DELIVERY"",""scenario"":""合法基准通信"",""state_before"":""SYNC"",""vector_type"":""VALID""}",PDU-B,合法基准通信,SYNC,VALID,NONE,9eed31c538ea306b,REQ-VALID-DELIVERY,MESSAGE:PDU-B|STATE:SYNC|PERTURBATION:NONE|REQUIREMENT:REQ-VALID-DELIVERY,20270914,same observable semantic signature as representative,derived_from_disclosed_candidate_vectors
V0029,EC-006,V0026,false,c45f62a521f65e2dd764d8ab7510a6f4bdd035e1ab19dc95f57e5382821f31a6,"{""config_hash"":""9eed31c538ea306b"",""coverage_obligations"":""MESSAGE:PDU-B|STATE:SYNC|PERTURBATION:NONE|REQUIREMENT:REQ-VALID-DELIVERY"",""message_alias"":""PDU-B"",""perturbation"":""NONE"",""requirement_id"":""REQ-VALID-DELIVERY"",""scenario"":""合法基准通信"",""state_before"":""SYNC"",""vector_type"":""VALID""}",PDU-B,合法基准通信,SYNC,VALID,NONE,9eed31c538ea306b,REQ-VALID-DELIVERY,MESSAGE:PDU-B|STATE:SYNC|PERTURBATION:NONE|REQUIREMENT:REQ-VALID-DELIVERY,20270915,same observable semantic signature as representative,derived_from_disclosed_candidate_vectors
V0030,EC-006,V0026,false,c45f62a521f65e2dd764d8ab7510a6f4bdd035e1ab19dc95f57e5382821f31a6,"{""config_hash"":""9eed31c538ea306b"",""coverage_obligations"":""MESSAGE:PDU-B|STATE:SYNC|PERTURBATION:NONE|REQUIREMENT:REQ-VALID-DELIVERY"",""message_alias"":""PDU-B"",""perturbation"":""NONE"",""requirement_id"":""REQ-VALID-DELIVERY"",""scenario"":""合法基准通信"",""state_before"":""SYNC"",""vector_type"":""VALID""}",PDU-B,合法基准通信,SYNC,VALID,NONE,9eed31c538ea306b,REQ-VALID-DELIVERY,MESSAGE:PDU-B|STATE:SYNC|PERTURBATION:NONE|REQUIREMENT:REQ-VALID-DELIVERY,20270916,same observable semantic signature as representative,derived_from_disclosed_candidate_vectors
V0031,EC-007,V0031,true,87972c752f3557965bb85e8db18103562f35074b7bd5b6aafc5d96d4fc302047,"{""config_hash"":""9eed31c538ea306b"",""coverage_obligations"":""MESSAGE:PDU-B|STATE:SYNC|PERTURBATION:XOR_0x01_AT_AUTH_AREA_OFFSET|REQUIREMENT:REQ-AUTH-AREA-INTEGRITY"",""message_alias"":""PDU-B"",""perturbation"":""XOR_0x01_AT_AUTH_AREA_OFFSET"",""requirement_id"":""REQ-AUTH-AREA-INTEGRITY"",""scenario"":""受认证区域内载荷篡改"",""state_before"":""SYNC"",""vector_type"":""TAMPER""}",PDU-B,受认证区域内载荷篡改,SYNC,TAMPER,XOR_0x01_AT_AUTH_AREA_OFFSET,9eed31c538ea306b,REQ-AUTH-AREA-INTEGRITY,MESSAGE:PDU-B|STATE:SYNC|PERTURBATION:XOR_0x01_AT_AUTH_AREA_OFFSET|REQUIREMENT:REQ-AUTH-AREA-INTEGRITY,20271012,lowest VectorId retained as deterministic representative,derived_from_disclosed_candidate_vectors
V0032,EC-007,V0031,false,87972c752f3557965bb85e8db18103562f35074b7bd5b6aafc5d96d4fc302047,"{""config_hash"":""9eed31c538ea306b"",""coverage_obligations"":""MESSAGE:PDU-B|STATE:SYNC|PERTURBATION:XOR_0x01_AT_AUTH_AREA_OFFSET|REQUIREMENT:REQ-AUTH-AREA-INTEGRITY"",""message_alias"":""PDU-B"",""perturbation"":""XOR_0x01_AT_AUTH_AREA_OFFSET"",""requirement_id"":""REQ-AUTH-AREA-INTEGRITY"",""scenario"":""受认证区域内载荷篡改"",""state_before"":""SYNC"",""vector_type"":""TAMPER""}",PDU-B,受认证区域内载荷篡改,SYNC,TAMPER,XOR_0x01_AT_AUTH_AREA_OFFSET,9eed31c538ea306b,REQ-AUTH-AREA-INTEGRITY,MESSAGE:PDU-B|STATE:SYNC|PERTURBATION:XOR_0x01_AT_AUTH_AREA_OFFSET|REQUIREMENT:REQ-AUTH-AREA-INTEGRITY,20271013,same observable semantic signature as representative,derived_from_disclosed_candidate_vectors
V0033,EC-007,V0031,false,87972c752f3557965bb85e8db18103562f35074b7bd5b6aafc5d96d4fc302047,"{""config_hash"":""9eed31c538ea306b"",""coverage_obligations"":""MESSAGE:PDU-B|STATE:SYNC|PERTURBATION:XOR_0x01_AT_AUTH_AREA_OFFSET|REQUIREMENT:REQ-AUTH-AREA-INTEGRITY"",""message_alias"":""PDU-B"",""perturbation"":""XOR_0x01_AT_AUTH_AREA_OFFSET"",""requirement_id"":""REQ-AUTH-AREA-INTEGRITY"",""scenario"":""受认证区域内载荷篡改"",""state_before"":""SYNC"",""vector_type"":""TAMPER""}",PDU-B,受认证区域内载荷篡改,SYNC,TAMPER,XOR_0x01_AT_AUTH_AREA_OFFSET,9eed31c538ea306b,REQ-AUTH-AREA-INTEGRITY,MESSAGE:PDU-B|STATE:SYNC|PERTURBATION:XOR_0x01_AT_AUTH_AREA_OFFSET|REQUIREMENT:REQ-AUTH-AREA-INTEGRITY,20271014,same observable semantic signature as representative,derived_from_disclosed_candidate_vectors
V0034,EC-007,V0031,false,87972c752f3557965bb85e8db18103562f35074b7bd5b6aafc5d96d4fc302047,"{""config_hash"":""9eed31c538ea306b"",""coverage_obligations"":""MESSAGE:PDU-B|STATE:SYNC|PERTURBATION:XOR_0x01_AT_AUTH_AREA_OFFSET|REQUIREMENT:REQ-AUTH-AREA-INTEGRITY"",""message_alias"":""PDU-B"",""perturbation"":""XOR_0x01_AT_AUTH_AREA_OFFSET"",""requirement_id"":""REQ-AUTH-AREA-INTEGRITY"",""scenario"":""受认证区域内载荷篡改"",""state_before"":""SYNC"",""vector_type"":""TAMPER""}",PDU-B,受认证区域内载荷篡改,SYNC,TAMPER,XOR_0x01_AT_AUTH_AREA_OFFSET,9eed31c538ea306b,REQ-AUTH-AREA-INTEGRITY,MESSAGE:PDU-B|STATE:SYNC|PERTURBATION:XOR_0x01_AT_AUTH_AREA_OFFSET|REQUIREMENT:REQ-AUTH-AREA-INTEGRITY,20271015,same observable semantic signature as representative,derived_from_disclosed_candidate_vectors
V0035,EC-007,V0031,false,87972c752f3557965bb85e8db18103562f35074b7bd5b6aafc5d96d4fc302047,"{""config_hash"":""9eed31c538ea306b"",""coverage_obligations"":""MESSAGE:PDU-B|STATE:SYNC|PERTURBATION:XOR_0x01_AT_AUTH_AREA_OFFSET|REQUIREMENT:REQ-AUTH-AREA-INTEGRITY"",""message_alias"":""PDU-B"",""perturbation"":""XOR_0x01_AT_AUTH_AREA_OFFSET"",""requirement_id"":""REQ-AUTH-AREA-INTEGRITY"",""scenario"":""受认证区域内载荷篡改"",""state_before"":""SYNC"",""vector_type"":""TAMPER""}",PDU-B,受认证区域内载荷篡改,SYNC,TAMPER,XOR_0x01_AT_AUTH_AREA_OFFSET,9eed31c538ea306b,REQ-AUTH-AREA-INTEGRITY,MESSAGE:PDU-B|STATE:SYNC|PERTURBATION:XOR_0x01_AT_AUTH_AREA_OFFSET|REQUIREMENT:REQ-AUTH-AREA-INTEGRITY,20271016,same observable semantic signature as representative,derived_from_disclosed_candidate_vectors
V0036,EC-008,V0036,true,9dcb6c1d5f9262fb4ee95da6a20213e53ef7c9a53f4044de37062b5151ca95fe,"{""config_hash"":""9eed31c538ea306b"",""coverage_obligations"":""MESSAGE:PDU-B|STATE:SYNC|PERTURBATION:REPLACE_TRUNCATED_MAC_WITH_ZERO|REQUIREMENT:REQ-MAC-FORGERY-REJECTION"",""message_alias"":""PDU-B"",""perturbation"":""REPLACE_TRUNCATED_MAC_WITH_ZERO"",""requirement_id"":""REQ-MAC-FORGERY-REJECTION"",""scenario"":""全零认证器伪造"",""state_before"":""SYNC"",""vector_type"":""TAMPER""}",PDU-B,全零认证器伪造,SYNC,TAMPER,REPLACE_TRUNCATED_MAC_WITH_ZERO,9eed31c538ea306b,REQ-MAC-FORGERY-REJECTION,MESSAGE:PDU-B|STATE:SYNC|PERTURBATION:REPLACE_TRUNCATED_MAC_WITH_ZERO|REQUIREMENT:REQ-MAC-FORGERY-REJECTION,20271112,lowest VectorId retained as deterministic representative,derived_from_disclosed_candidate_vectors
V0037,EC-008,V0036,false,9dcb6c1d5f9262fb4ee95da6a20213e53ef7c9a53f4044de37062b5151ca95fe,"{""config_hash"":""9eed31c538ea306b"",""coverage_obligations"":""MESSAGE:PDU-B|STATE:SYNC|PERTURBATION:REPLACE_TRUNCATED_MAC_WITH_ZERO|REQUIREMENT:REQ-MAC-FORGERY-REJECTION"",""message_alias"":""PDU-B"",""perturbation"":""REPLACE_TRUNCATED_MAC_WITH_ZERO"",""requirement_id"":""REQ-MAC-FORGERY-REJECTION"",""scenario"":""全零认证器伪造"",""state_before"":""SYNC"",""vector_type"":""TAMPER""}",PDU-B,全零认证器伪造,SYNC,TAMPER,REPLACE_TRUNCATED_MAC_WITH_ZERO,9eed31c538ea306b,REQ-MAC-FORGERY-REJECTION,MESSAGE:PDU-B|STATE:SYNC|PERTURBATION:REPLACE_TRUNCATED_MAC_WITH_ZERO|REQUIREMENT:REQ-MAC-FORGERY-REJECTION,20271113,same observable semantic signature as representative,derived_from_disclosed_candidate_vectors
V0038,EC-008,V0036,false,9dcb6c1d5f9262fb4ee95da6a20213e53ef7c9a53f4044de37062b5151ca95fe,"{""config_hash"":""9eed31c538ea306b"",""coverage_obligations"":""MESSAGE:PDU-B|STATE:SYNC|PERTURBATION:REPLACE_TRUNCATED_MAC_WITH_ZERO|REQUIREMENT:REQ-MAC-FORGERY-REJECTION"",""message_alias"":""PDU-B"",""perturbation"":""REPLACE_TRUNCATED_MAC_WITH_ZERO"",""requirement_id"":""REQ-MAC-FORGERY-REJECTION"",""scenario"":""全零认证器伪造"",""state_before"":""SYNC"",""vector_type"":""TAMPER""}",PDU-B,全零认证器伪造,SYNC,TAMPER,REPLACE_TRUNCATED_MAC_WITH_ZERO,9eed31c538ea306b,REQ-MAC-FORGERY-REJECTION,MESSAGE:PDU-B|STATE:SYNC|PERTURBATION:REPLACE_TRUNCATED_MAC_WITH_ZERO|REQUIREMENT:REQ-MAC-FORGERY-REJECTION,20271114,same observable semantic signature as representative,derived_from_disclosed_candidate_vectors
V0039,EC-008,V0036,false,9dcb6c1d5f9262fb4ee95da6a20213e53ef7c9a53f4044de37062b5151ca95fe,"{""config_hash"":""9eed31c538ea306b"",""coverage_obligations"":""MESSAGE:PDU-B|STATE:SYNC|PERTURBATION:REPLACE_TRUNCATED_MAC_WITH_ZERO|REQUIREMENT:REQ-MAC-FORGERY-REJECTION"",""message_alias"":""PDU-B"",""perturbation"":""REPLACE_TRUNCATED_MAC_WITH_ZERO"",""requirement_id"":""REQ-MAC-FORGERY-REJECTION"",""scenario"":""全零认证器伪造"",""state_before"":""SYNC"",""vector_type"":""TAMPER""}",PDU-B,全零认证器伪造,SYNC,TAMPER,REPLACE_TRUNCATED_MAC_WITH_ZERO,9eed31c538ea306b,REQ-MAC-FORGERY-REJECTION,MESSAGE:PDU-B|STATE:SYNC|PERTURBATION:REPLACE_TRUNCATED_MAC_WITH_ZERO|REQUIREMENT:REQ-MAC-FORGERY-REJECTION,20271115,same observable semantic signature as representative,derived_from_disclosed_candidate_vectors
V0040,EC-008,V0036,false,9dcb6c1d5f9262fb4ee95da6a20213e53ef7c9a53f4044de37062b5151ca95fe,"{""config_hash"":""9eed31c538ea306b"",""coverage_obligations"":""MESSAGE:PDU-B|STATE:SYNC|PERTURBATION:REPLACE_TRUNCATED_MAC_WITH_ZERO|REQUIREMENT:REQ-MAC-FORGERY-REJECTION"",""message_alias"":""PDU-B"",""perturbation"":""REPLACE_TRUNCATED_MAC_WITH_ZERO"",""requirement_id"":""REQ-MAC-FORGERY-REJECTION"",""scenario"":""全零认证器伪造"",""state_before"":""SYNC"",""vector_type"":""TAMPER""}",PDU-B,全零认证器伪造,SYNC,TAMPER,REPLACE_TRUNCATED_MAC_WITH_ZERO,9eed31c538ea306b,REQ-MAC-FORGERY-REJECTION,MESSAGE:PDU-B|STATE:SYNC|PERTURBATION:REPLACE_TRUNCATED_MAC_WITH_ZERO|REQUIREMENT:REQ-MAC-FORGERY-REJECTION,20271116,same observable semantic signature as representative,derived_from_disclosed_candidate_vectors
V0041,EC-009,V0041,true,245a191dc5ca15e438b8c85142385bbccc3d1dbcd643de49a4b4c858061f6552,"{""config_hash"":""9eed31c538ea306b"",""coverage_obligations"":""MESSAGE:PDU-B|STATE:SYNC|PERTURBATION:REPLAY_PREVIOUSLY_ACCEPTED_SECURED_PDU|REQUIREMENT:REQ-FRESHNESS-REPLAY-REJECTION"",""message_alias"":""PDU-B"",""perturbation"":""REPLAY_PREVIOUSLY_ACCEPTED_SECURED_PDU"",""requirement_id"":""REQ-FRESHNESS-REPLAY-REJECTION"",""scenario"":""已接收报文重放"",""state_before"":""SYNC"",""vector_type"":""REPLAY""}",PDU-B,已接收报文重放,SYNC,REPLAY,REPLAY_PREVIOUSLY_ACCEPTED_SECURED_PDU,9eed31c538ea306b,REQ-FRESHNESS-REPLAY-REJECTION,MESSAGE:PDU-B|STATE:SYNC|PERTURBATION:REPLAY_PREVIOUSLY_ACCEPTED_SECURED_PDU|REQUIREMENT:REQ-FRESHNESS-REPLAY-REJECTION,20271212,lowest VectorId retained as deterministic representative,derived_from_disclosed_candidate_vectors
V0042,EC-009,V0041,false,245a191dc5ca15e438b8c85142385bbccc3d1dbcd643de49a4b4c858061f6552,"{""config_hash"":""9eed31c538ea306b"",""coverage_obligations"":""MESSAGE:PDU-B|STATE:SYNC|PERTURBATION:REPLAY_PREVIOUSLY_ACCEPTED_SECURED_PDU|REQUIREMENT:REQ-FRESHNESS-REPLAY-REJECTION"",""message_alias"":""PDU-B"",""perturbation"":""REPLAY_PREVIOUSLY_ACCEPTED_SECURED_PDU"",""requirement_id"":""REQ-FRESHNESS-REPLAY-REJECTION"",""scenario"":""已接收报文重放"",""state_before"":""SYNC"",""vector_type"":""REPLAY""}",PDU-B,已接收报文重放,SYNC,REPLAY,REPLAY_PREVIOUSLY_ACCEPTED_SECURED_PDU,9eed31c538ea306b,REQ-FRESHNESS-REPLAY-REJECTION,MESSAGE:PDU-B|STATE:SYNC|PERTURBATION:REPLAY_PREVIOUSLY_ACCEPTED_SECURED_PDU|REQUIREMENT:REQ-FRESHNESS-REPLAY-REJECTION,20271213,same observable semantic signature as representative,derived_from_disclosed_candidate_vectors
V0043,EC-009,V0041,false,245a191dc5ca15e438b8c85142385bbccc3d1dbcd643de49a4b4c858061f6552,"{""config_hash"":""9eed31c538ea306b"",""coverage_obligations"":""MESSAGE:PDU-B|STATE:SYNC|PERTURBATION:REPLAY_PREVIOUSLY_ACCEPTED_SECURED_PDU|REQUIREMENT:REQ-FRESHNESS-REPLAY-REJECTION"",""message_alias"":""PDU-B"",""perturbation"":""REPLAY_PREVIOUSLY_ACCEPTED_SECURED_PDU"",""requirement_id"":""REQ-FRESHNESS-REPLAY-REJECTION"",""scenario"":""已接收报文重放"",""state_before"":""SYNC"",""vector_type"":""REPLAY""}",PDU-B,已接收报文重放,SYNC,REPLAY,REPLAY_PREVIOUSLY_ACCEPTED_SECURED_PDU,9eed31c538ea306b,REQ-FRESHNESS-REPLAY-REJECTION,MESSAGE:PDU-B|STATE:SYNC|PERTURBATION:REPLAY_PREVIOUSLY_ACCEPTED_SECURED_PDU|REQUIREMENT:REQ-FRESHNESS-REPLAY-REJECTION,20271214,same observable semantic signature as representative,derived_from_disclosed_candidate_vectors
V0044,EC-009,V0041,false,245a191dc5ca15e438b8c85142385bbccc3d1dbcd643de49a4b4c858061f6552,"{""config_hash"":""9eed31c538ea306b"",""coverage_obligations"":""MESSAGE:PDU-B|STATE:SYNC|PERTURBATION:REPLAY_PREVIOUSLY_ACCEPTED_SECURED_PDU|REQUIREMENT:REQ-FRESHNESS-REPLAY-REJECTION"",""message_alias"":""PDU-B"",""perturbation"":""REPLAY_PREVIOUSLY_ACCEPTED_SECURED_PDU"",""requirement_id"":""REQ-FRESHNESS-REPLAY-REJECTION"",""scenario"":""已接收报文重放"",""state_before"":""SYNC"",""vector_type"":""REPLAY""}",PDU-B,已接收报文重放,SYNC,REPLAY,REPLAY_PREVIOUSLY_ACCEPTED_SECURED_PDU,9eed31c538ea306b,REQ-FRESHNESS-REPLAY-REJECTION,MESSAGE:PDU-B|STATE:SYNC|PERTURBATION:REPLAY_PREVIOUSLY_ACCEPTED_SECURED_PDU|REQUIREMENT:REQ-FRESHNESS-REPLAY-REJECTION,20271215,same observable semantic signature as representative,derived_from_disclosed_candidate_vectors
V0045,EC-009,V0041,false,245a191dc5ca15e438b8c85142385bbccc3d1dbcd643de49a4b4c858061f6552,"{""config_hash"":""9eed31c538ea306b"",""coverage_obligations"":""MESSAGE:PDU-B|STATE:SYNC|PERTURBATION:REPLAY_PREVIOUSLY_ACCEPTED_SECURED_PDU|REQUIREMENT:REQ-FRESHNESS-REPLAY-REJECTION"",""message_alias"":""PDU-B"",""perturbation"":""REPLAY_PREVIOUSLY_ACCEPTED_SECURED_PDU"",""requirement_id"":""REQ-FRESHNESS-REPLAY-REJECTION"",""scenario"":""已接收报文重放"",""state_before"":""SYNC"",""vector_type"":""REPLAY""}",PDU-B,已接收报文重放,SYNC,REPLAY,REPLAY_PREVIOUSLY_ACCEPTED_SECURED_PDU,9eed31c538ea306b,REQ-FRESHNESS-REPLAY-REJECTION,MESSAGE:PDU-B|STATE:SYNC|PERTURBATION:REPLAY_PREVIOUSLY_ACCEPTED_SECURED_PDU|REQUIREMENT:REQ-FRESHNESS-REPLAY-REJECTION,20271216,same observable semantic signature as representative,derived_from_disclosed_candidate_vectors
V0046,EC-010,V0046,true,13ecabd1d40938f1f02b6cd2d32d3b8e79216c5eaed7f5d578e5c2e973ba6785,"{""config_hash"":""9eed31c538ea306b"",""coverage_obligations"":""MESSAGE:PDU-B|STATE:ROLLOVER_PENDING|PERTURBATION:AUTHENTICATED_POST_ROLLOVER_LOW_FV_5|REQUIREMENT:REQ-ROLLOVER-GATING"",""message_alias"":""PDU-B"",""perturbation"":""AUTHENTICATED_POST_ROLLOVER_LOW_FV_5"",""requirement_id"":""REQ-ROLLOVER-GATING"",""scenario"":""严格策略下FV回绕候选"",""state_before"":""ROLLOVER_PENDING"",""vector_type"":""BOUNDARY_OUT""}",PDU-B,严格策略下FV回绕候选,ROLLOVER_PENDING,BOUNDARY_OUT,AUTHENTICATED_POST_ROLLOVER_LOW_FV_5,9eed31c538ea306b,REQ-ROLLOVER-GATING,MESSAGE:PDU-B|STATE:ROLLOVER_PENDING|PERTURBATION:AUTHENTICATED_POST_ROLLOVER_LOW_FV_5|REQUIREMENT:REQ-ROLLOVER-GATING,20271312,lowest VectorId retained as deterministic representative,derived_from_disclosed_candidate_vectors
V0047,EC-010,V0046,false,13ecabd1d40938f1f02b6cd2d32d3b8e79216c5eaed7f5d578e5c2e973ba6785,"{""config_hash"":""9eed31c538ea306b"",""coverage_obligations"":""MESSAGE:PDU-B|STATE:ROLLOVER_PENDING|PERTURBATION:AUTHENTICATED_POST_ROLLOVER_LOW_FV_5|REQUIREMENT:REQ-ROLLOVER-GATING"",""message_alias"":""PDU-B"",""perturbation"":""AUTHENTICATED_POST_ROLLOVER_LOW_FV_5"",""requirement_id"":""REQ-ROLLOVER-GATING"",""scenario"":""严格策略下FV回绕候选"",""state_before"":""ROLLOVER_PENDING"",""vector_type"":""BOUNDARY_OUT""}",PDU-B,严格策略下FV回绕候选,ROLLOVER_PENDING,BOUNDARY_OUT,AUTHENTICATED_POST_ROLLOVER_LOW_FV_5,9eed31c538ea306b,REQ-ROLLOVER-GATING,MESSAGE:PDU-B|STATE:ROLLOVER_PENDING|PERTURBATION:AUTHENTICATED_POST_ROLLOVER_LOW_FV_5|REQUIREMENT:REQ-ROLLOVER-GATING,20271313,same observable semantic signature as representative,derived_from_disclosed_candidate_vectors
V0048,EC-010,V0046,false,13ecabd1d40938f1f02b6cd2d32d3b8e79216c5eaed7f5d578e5c2e973ba6785,"{""config_hash"":""9eed31c538ea306b"",""coverage_obligations"":""MESSAGE:PDU-B|STATE:ROLLOVER_PENDING|PERTURBATION:AUTHENTICATED_POST_ROLLOVER_LOW_FV_5|REQUIREMENT:REQ-ROLLOVER-GATING"",""message_alias"":""PDU-B"",""perturbation"":""AUTHENTICATED_POST_ROLLOVER_LOW_FV_5"",""requirement_id"":""REQ-ROLLOVER-GATING"",""scenario"":""严格策略下FV回绕候选"",""state_before"":""ROLLOVER_PENDING"",""vector_type"":""BOUNDARY_OUT""}",PDU-B,严格策略下FV回绕候选,ROLLOVER_PENDING,BOUNDARY_OUT,AUTHENTICATED_POST_ROLLOVER_LOW_FV_5,9eed31c538ea306b,REQ-ROLLOVER-GATING,MESSAGE:PDU-B|STATE:ROLLOVER_PENDING|PERTURBATION:AUTHENTICATED_POST_ROLLOVER_LOW_FV_5|REQUIREMENT:REQ-ROLLOVER-GATING,20271314,same observable semantic signature as representative,derived_from_disclosed_candidate_vectors
V0049,EC-010,V0046,false,13ecabd1d40938f1f02b6cd2d32d3b8e79216c5eaed7f5d578e5c2e973ba6785,"{""config_hash"":""9eed31c538ea306b"",""coverage_obligations"":""MESSAGE:PDU-B|STATE:ROLLOVER_PENDING|PERTURBATION:AUTHENTICATED_POST_ROLLOVER_LOW_FV_5|REQUIREMENT:REQ-ROLLOVER-GATING"",""message_alias"":""PDU-B"",""perturbation"":""AUTHENTICATED_POST_ROLLOVER_LOW_FV_5"",""requirement_id"":""REQ-ROLLOVER-GATING"",""scenario"":""严格策略下FV回绕候选"",""state_before"":""ROLLOVER_PENDING"",""vector_type"":""BOUNDARY_OUT""}",PDU-B,严格策略下FV回绕候选,ROLLOVER_PENDING,BOUNDARY_OUT,AUTHENTICATED_POST_ROLLOVER_LOW_FV_5,9eed31c538ea306b,REQ-ROLLOVER-GATING,MESSAGE:PDU-B|STATE:ROLLOVER_PENDING|PERTURBATION:AUTHENTICATED_POST_ROLLOVER_LOW_FV_5|REQUIREMENT:REQ-ROLLOVER-GATING,20271315,same observable semantic signature as representative,derived_from_disclosed_candidate_vectors
V0050,EC-010,V0046,false,13ecabd1d40938f1f02b6cd2d32d3b8e79216c5eaed7f5d578e5c2e973ba6785,"{""config_hash"":""9eed31c538ea306b"",""coverage_obligations"":""MESSAGE:PDU-B|STATE:ROLLOVER_PENDING|PERTURBATION:AUTHENTICATED_POST_ROLLOVER_LOW_FV_5|REQUIREMENT:REQ-ROLLOVER-GATING"",""message_alias"":""PDU-B"",""perturbation"":""AUTHENTICATED_POST_ROLLOVER_LOW_FV_5"",""requirement_id"":""REQ-ROLLOVER-GATING"",""scenario"":""严格策略下FV回绕候选"",""state_before"":""ROLLOVER_PENDING"",""vector_type"":""BOUNDARY_OUT""}",PDU-B,严格策略下FV回绕候选,ROLLOVER_PENDING,BOUNDARY_OUT,AUTHENTICATED_POST_ROLLOVER_LOW_FV_5,9eed31c538ea306b,REQ-ROLLOVER-GATING,MESSAGE:PDU-B|STATE:ROLLOVER_PENDING|PERTURBATION:AUTHENTICATED_POST_ROLLOVER_LOW_FV_5|REQUIREMENT:REQ-ROLLOVER-GATING,20271316,same observable semantic signature as representative,derived_from_disclosed_candidate_vectors
V0051,EC-011,V0051,true,51137a5a75b53d4cafc2bdd28f53d92f8d3884dadf030e1fa3f04b052ef19080,"{""config_hash"":""c1d55f69700cfe26"",""coverage_obligations"":""MESSAGE:PDU-C|STATE:SYNC|PERTURBATION:NONE|REQUIREMENT:REQ-VALID-DELIVERY"",""message_alias"":""PDU-C"",""perturbation"":""NONE"",""requirement_id"":""REQ-VALID-DELIVERY"",""scenario"":""合法基准通信"",""state_before"":""SYNC"",""vector_type"":""VALID""}",PDU-C,合法基准通信,SYNC,VALID,NONE,c1d55f69700cfe26,REQ-VALID-DELIVERY,MESSAGE:PDU-C|STATE:SYNC|PERTURBATION:NONE|REQUIREMENT:REQ-VALID-DELIVERY,20280912,lowest VectorId retained as deterministic representative,derived_from_disclosed_candidate_vectors
V0052,EC-011,V0051,false,51137a5a75b53d4cafc2bdd28f53d92f8d3884dadf030e1fa3f04b052ef19080,"{""config_hash"":""c1d55f69700cfe26"",""coverage_obligations"":""MESSAGE:PDU-C|STATE:SYNC|PERTURBATION:NONE|REQUIREMENT:REQ-VALID-DELIVERY"",""message_alias"":""PDU-C"",""perturbation"":""NONE"",""requirement_id"":""REQ-VALID-DELIVERY"",""scenario"":""合法基准通信"",""state_before"":""SYNC"",""vector_type"":""VALID""}",PDU-C,合法基准通信,SYNC,VALID,NONE,c1d55f69700cfe26,REQ-VALID-DELIVERY,MESSAGE:PDU-C|STATE:SYNC|PERTURBATION:NONE|REQUIREMENT:REQ-VALID-DELIVERY,20280913,same observable semantic signature as representative,derived_from_disclosed_candidate_vectors
V0053,EC-011,V0051,false,51137a5a75b53d4cafc2bdd28f53d92f8d3884dadf030e1fa3f04b052ef19080,"{""config_hash"":""c1d55f69700cfe26"",""coverage_obligations"":""MESSAGE:PDU-C|STATE:SYNC|PERTURBATION:NONE|REQUIREMENT:REQ-VALID-DELIVERY"",""message_alias"":""PDU-C"",""perturbation"":""NONE"",""requirement_id"":""REQ-VALID-DELIVERY"",""scenario"":""合法基准通信"",""state_before"":""SYNC"",""vector_type"":""VALID""}",PDU-C,合法基准通信,SYNC,VALID,NONE,c1d55f69700cfe26,REQ-VALID-DELIVERY,MESSAGE:PDU-C|STATE:SYNC|PERTURBATION:NONE|REQUIREMENT:REQ-VALID-DELIVERY,20280914,same observable semantic signature as representative,derived_from_disclosed_candidate_vectors
V0054,EC-011,V0051,false,51137a5a75b53d4cafc2bdd28f53d92f8d3884dadf030e1fa3f04b052ef19080,"{""config_hash"":""c1d55f69700cfe26"",""coverage_obligations"":""MESSAGE:PDU-C|STATE:SYNC|PERTURBATION:NONE|REQUIREMENT:REQ-VALID-DELIVERY"",""message_alias"":""PDU-C"",""perturbation"":""NONE"",""requirement_id"":""REQ-VALID-DELIVERY"",""scenario"":""合法基准通信"",""state_before"":""SYNC"",""vector_type"":""VALID""}",PDU-C,合法基准通信,SYNC,VALID,NONE,c1d55f69700cfe26,REQ-VALID-DELIVERY,MESSAGE:PDU-C|STATE:SYNC|PERTURBATION:NONE|REQUIREMENT:REQ-VALID-DELIVERY,20280915,same observable semantic signature as representative,derived_from_disclosed_candidate_vectors
V0055,EC-011,V0051,false,51137a5a75b53d4cafc2bdd28f53d92f8d3884dadf030e1fa3f04b052ef19080,"{""config_hash"":""c1d55f69700cfe26"",""coverage_obligations"":""MESSAGE:PDU-C|STATE:SYNC|PERTURBATION:NONE|REQUIREMENT:REQ-VALID-DELIVERY"",""message_alias"":""PDU-C"",""perturbation"":""NONE"",""requirement_id"":""REQ-VALID-DELIVERY"",""scenario"":""合法基准通信"",""state_before"":""SYNC"",""vector_type"":""VALID""}",PDU-C,合法基准通信,SYNC,VALID,NONE,c1d55f69700cfe26,REQ-VALID-DELIVERY,MESSAGE:PDU-C|STATE:SYNC|PERTURBATION:NONE|REQUIREMENT:REQ-VALID-DELIVERY,20280916,same observable semantic signature as representative,derived_from_disclosed_candidate_vectors
V0056,EC-012,V0056,true,082373da7dd1944ad3665f2b508a8bdcaec85c8c4a6a0125ea6f30681ce628ee,"{""config_hash"":""c1d55f69700cfe26"",""coverage_obligations"":""MESSAGE:PDU-C|STATE:SYNC|PERTURBATION:XOR_0x01_AT_AUTH_AREA_OFFSET|REQUIREMENT:REQ-AUTH-AREA-INTEGRITY"",""message_alias"":""PDU-C"",""perturbation"":""XOR_0x01_AT_AUTH_AREA_OFFSET"",""requirement_id"":""REQ-AUTH-AREA-INTEGRITY"",""scenario"":""受认证区域内载荷篡改"",""state_before"":""SYNC"",""vector_type"":""TAMPER""}",PDU-C,受认证区域内载荷篡改,SYNC,TAMPER,XOR_0x01_AT_AUTH_AREA_OFFSET,c1d55f69700cfe26,REQ-AUTH-AREA-INTEGRITY,MESSAGE:PDU-C|STATE:SYNC|PERTURBATION:XOR_0x01_AT_AUTH_AREA_OFFSET|REQUIREMENT:REQ-AUTH-AREA-INTEGRITY,20281012,lowest VectorId retained as deterministic representative,derived_from_disclosed_candidate_vectors
V0057,EC-012,V0056,false,082373da7dd1944ad3665f2b508a8bdcaec85c8c4a6a0125ea6f30681ce628ee,"{""config_hash"":""c1d55f69700cfe26"",""coverage_obligations"":""MESSAGE:PDU-C|STATE:SYNC|PERTURBATION:XOR_0x01_AT_AUTH_AREA_OFFSET|REQUIREMENT:REQ-AUTH-AREA-INTEGRITY"",""message_alias"":""PDU-C"",""perturbation"":""XOR_0x01_AT_AUTH_AREA_OFFSET"",""requirement_id"":""REQ-AUTH-AREA-INTEGRITY"",""scenario"":""受认证区域内载荷篡改"",""state_before"":""SYNC"",""vector_type"":""TAMPER""}",PDU-C,受认证区域内载荷篡改,SYNC,TAMPER,XOR_0x01_AT_AUTH_AREA_OFFSET,c1d55f69700cfe26,REQ-AUTH-AREA-INTEGRITY,MESSAGE:PDU-C|STATE:SYNC|PERTURBATION:XOR_0x01_AT_AUTH_AREA_OFFSET|REQUIREMENT:REQ-AUTH-AREA-INTEGRITY,20281013,same observable semantic signature as representative,derived_from_disclosed_candidate_vectors
V0058,EC-012,V0056,false,082373da7dd1944ad3665f2b508a8bdcaec85c8c4a6a0125ea6f30681ce628ee,"{""config_hash"":""c1d55f69700cfe26"",""coverage_obligations"":""MESSAGE:PDU-C|STATE:SYNC|PERTURBATION:XOR_0x01_AT_AUTH_AREA_OFFSET|REQUIREMENT:REQ-AUTH-AREA-INTEGRITY"",""message_alias"":""PDU-C"",""perturbation"":""XOR_0x01_AT_AUTH_AREA_OFFSET"",""requirement_id"":""REQ-AUTH-AREA-INTEGRITY"",""scenario"":""受认证区域内载荷篡改"",""state_before"":""SYNC"",""vector_type"":""TAMPER""}",PDU-C,受认证区域内载荷篡改,SYNC,TAMPER,XOR_0x01_AT_AUTH_AREA_OFFSET,c1d55f69700cfe26,REQ-AUTH-AREA-INTEGRITY,MESSAGE:PDU-C|STATE:SYNC|PERTURBATION:XOR_0x01_AT_AUTH_AREA_OFFSET|REQUIREMENT:REQ-AUTH-AREA-INTEGRITY,20281014,same observable semantic signature as representative,derived_from_disclosed_candidate_vectors
V0059,EC-012,V0056,false,082373da7dd1944ad3665f2b508a8bdcaec85c8c4a6a0125ea6f30681ce628ee,"{""config_hash"":""c1d55f69700cfe26"",""coverage_obligations"":""MESSAGE:PDU-C|STATE:SYNC|PERTURBATION:XOR_0x01_AT_AUTH_AREA_OFFSET|REQUIREMENT:REQ-AUTH-AREA-INTEGRITY"",""message_alias"":""PDU-C"",""perturbation"":""XOR_0x01_AT_AUTH_AREA_OFFSET"",""requirement_id"":""REQ-AUTH-AREA-INTEGRITY"",""scenario"":""受认证区域内载荷篡改"",""state_before"":""SYNC"",""vector_type"":""TAMPER""}",PDU-C,受认证区域内载荷篡改,SYNC,TAMPER,XOR_0x01_AT_AUTH_AREA_OFFSET,c1d55f69700cfe26,REQ-AUTH-AREA-INTEGRITY,MESSAGE:PDU-C|STATE:SYNC|PERTURBATION:XOR_0x01_AT_AUTH_AREA_OFFSET|REQUIREMENT:REQ-AUTH-AREA-INTEGRITY,20281015,same observable semantic signature as representative,derived_from_disclosed_candidate_vectors
V0060,EC-012,V0056,false,082373da7dd1944ad3665f2b508a8bdcaec85c8c4a6a0125ea6f30681ce628ee,"{""config_hash"":""c1d55f69700cfe26"",""coverage_obligations"":""MESSAGE:PDU-C|STATE:SYNC|PERTURBATION:XOR_0x01_AT_AUTH_AREA_OFFSET|REQUIREMENT:REQ-AUTH-AREA-INTEGRITY"",""message_alias"":""PDU-C"",""perturbation"":""XOR_0x01_AT_AUTH_AREA_OFFSET"",""requirement_id"":""REQ-AUTH-AREA-INTEGRITY"",""scenario"":""受认证区域内载荷篡改"",""state_before"":""SYNC"",""vector_type"":""TAMPER""}",PDU-C,受认证区域内载荷篡改,SYNC,TAMPER,XOR_0x01_AT_AUTH_AREA_OFFSET,c1d55f69700cfe26,REQ-AUTH-AREA-INTEGRITY,MESSAGE:PDU-C|STATE:SYNC|PERTURBATION:XOR_0x01_AT_AUTH_AREA_OFFSET|REQUIREMENT:REQ-AUTH-AREA-INTEGRITY,20281016,same observable semantic signature as representative,derived_from_disclosed_candidate_vectors
V0061,EC-013,V0061,true,5abe1aabe3281293486aae7a4ce8ed3deb2f32d72c101d09ddb721bc70ae6934,"{""config_hash"":""c1d55f69700cfe26"",""coverage_obligations"":""MESSAGE:PDU-C|STATE:SYNC|PERTURBATION:REPLACE_TRUNCATED_MAC_WITH_ZERO|REQUIREMENT:REQ-MAC-FORGERY-REJECTION"",""message_alias"":""PDU-C"",""perturbation"":""REPLACE_TRUNCATED_MAC_WITH_ZERO"",""requirement_id"":""REQ-MAC-FORGERY-REJECTION"",""scenario"":""全零认证器伪造"",""state_before"":""SYNC"",""vector_type"":""TAMPER""}",PDU-C,全零认证器伪造,SYNC,TAMPER,REPLACE_TRUNCATED_MAC_WITH_ZERO,c1d55f69700cfe26,REQ-MAC-FORGERY-REJECTION,MESSAGE:PDU-C|STATE:SYNC|PERTURBATION:REPLACE_TRUNCATED_MAC_WITH_ZERO|REQUIREMENT:REQ-MAC-FORGERY-REJECTION,20281112,lowest VectorId retained as deterministic representative,derived_from_disclosed_candidate_vectors
V0062,EC-013,V0061,false,5abe1aabe3281293486aae7a4ce8ed3deb2f32d72c101d09ddb721bc70ae6934,"{""config_hash"":""c1d55f69700cfe26"",""coverage_obligations"":""MESSAGE:PDU-C|STATE:SYNC|PERTURBATION:REPLACE_TRUNCATED_MAC_WITH_ZERO|REQUIREMENT:REQ-MAC-FORGERY-REJECTION"",""message_alias"":""PDU-C"",""perturbation"":""REPLACE_TRUNCATED_MAC_WITH_ZERO"",""requirement_id"":""REQ-MAC-FORGERY-REJECTION"",""scenario"":""全零认证器伪造"",""state_before"":""SYNC"",""vector_type"":""TAMPER""}",PDU-C,全零认证器伪造,SYNC,TAMPER,REPLACE_TRUNCATED_MAC_WITH_ZERO,c1d55f69700cfe26,REQ-MAC-FORGERY-REJECTION,MESSAGE:PDU-C|STATE:SYNC|PERTURBATION:REPLACE_TRUNCATED_MAC_WITH_ZERO|REQUIREMENT:REQ-MAC-FORGERY-REJECTION,20281113,same observable semantic signature as representative,derived_from_disclosed_candidate_vectors
V0063,EC-013,V0061,false,5abe1aabe3281293486aae7a4ce8ed3deb2f32d72c101d09ddb721bc70ae6934,"{""config_hash"":""c1d55f69700cfe26"",""coverage_obligations"":""MESSAGE:PDU-C|STATE:SYNC|PERTURBATION:REPLACE_TRUNCATED_MAC_WITH_ZERO|REQUIREMENT:REQ-MAC-FORGERY-REJECTION"",""message_alias"":""PDU-C"",""perturbation"":""REPLACE_TRUNCATED_MAC_WITH_ZERO"",""requirement_id"":""REQ-MAC-FORGERY-REJECTION"",""scenario"":""全零认证器伪造"",""state_before"":""SYNC"",""vector_type"":""TAMPER""}",PDU-C,全零认证器伪造,SYNC,TAMPER,REPLACE_TRUNCATED_MAC_WITH_ZERO,c1d55f69700cfe26,REQ-MAC-FORGERY-REJECTION,MESSAGE:PDU-C|STATE:SYNC|PERTURBATION:REPLACE_TRUNCATED_MAC_WITH_ZERO|REQUIREMENT:REQ-MAC-FORGERY-REJECTION,20281114,same observable semantic signature as representative,derived_from_disclosed_candidate_vectors
V0064,EC-013,V0061,false,5abe1aabe3281293486aae7a4ce8ed3deb2f32d72c101d09ddb721bc70ae6934,"{""config_hash"":""c1d55f69700cfe26"",""coverage_obligations"":""MESSAGE:PDU-C|STATE:SYNC|PERTURBATION:REPLACE_TRUNCATED_MAC_WITH_ZERO|REQUIREMENT:REQ-MAC-FORGERY-REJECTION"",""message_alias"":""PDU-C"",""perturbation"":""REPLACE_TRUNCATED_MAC_WITH_ZERO"",""requirement_id"":""REQ-MAC-FORGERY-REJECTION"",""scenario"":""全零认证器伪造"",""state_before"":""SYNC"",""vector_type"":""TAMPER""}",PDU-C,全零认证器伪造,SYNC,TAMPER,REPLACE_TRUNCATED_MAC_WITH_ZERO,c1d55f69700cfe26,REQ-MAC-FORGERY-REJECTION,MESSAGE:PDU-C|STATE:SYNC|PERTURBATION:REPLACE_TRUNCATED_MAC_WITH_ZERO|REQUIREMENT:REQ-MAC-FORGERY-REJECTION,20281115,same observable semantic signature as representative,derived_from_disclosed_candidate_vectors
V0065,EC-013,V0061,false,5abe1aabe3281293486aae7a4ce8ed3deb2f32d72c101d09ddb721bc70ae6934,"{""config_hash"":""c1d55f69700cfe26"",""coverage_obligations"":""MESSAGE:PDU-C|STATE:SYNC|PERTURBATION:REPLACE_TRUNCATED_MAC_WITH_ZERO|REQUIREMENT:REQ-MAC-FORGERY-REJECTION"",""message_alias"":""PDU-C"",""perturbation"":""REPLACE_TRUNCATED_MAC_WITH_ZERO"",""requirement_id"":""REQ-MAC-FORGERY-REJECTION"",""scenario"":""全零认证器伪造"",""state_before"":""SYNC"",""vector_type"":""TAMPER""}",PDU-C,全零认证器伪造,SYNC,TAMPER,REPLACE_TRUNCATED_MAC_WITH_ZERO,c1d55f69700cfe26,REQ-MAC-FORGERY-REJECTION,MESSAGE:PDU-C|STATE:SYNC|PERTURBATION:REPLACE_TRUNCATED_MAC_WITH_ZERO|REQUIREMENT:REQ-MAC-FORGERY-REJECTION,20281116,same observable semantic signature as representative,derived_from_disclosed_candidate_vectors
V0066,EC-014,V0066,true,8c854e368a0a6267121f3bec322b3a27539a919cff67923f9ffa1671143fce45,"{""config_hash"":""c1d55f69700cfe26"",""coverage_obligations"":""MESSAGE:PDU-C|STATE:SYNC|PERTURBATION:REPLAY_PREVIOUSLY_ACCEPTED_SECURED_PDU|REQUIREMENT:REQ-FRESHNESS-REPLAY-REJECTION"",""message_alias"":""PDU-C"",""perturbation"":""REPLAY_PREVIOUSLY_ACCEPTED_SECURED_PDU"",""requirement_id"":""REQ-FRESHNESS-REPLAY-REJECTION"",""scenario"":""已接收报文重放"",""state_before"":""SYNC"",""vector_type"":""REPLAY""}",PDU-C,已接收报文重放,SYNC,REPLAY,REPLAY_PREVIOUSLY_ACCEPTED_SECURED_PDU,c1d55f69700cfe26,REQ-FRESHNESS-REPLAY-REJECTION,MESSAGE:PDU-C|STATE:SYNC|PERTURBATION:REPLAY_PREVIOUSLY_ACCEPTED_SECURED_PDU|REQUIREMENT:REQ-FRESHNESS-REPLAY-REJECTION,20281212,lowest VectorId retained as deterministic representative,derived_from_disclosed_candidate_vectors
V0067,EC-014,V0066,false,8c854e368a0a6267121f3bec322b3a27539a919cff67923f9ffa1671143fce45,"{""config_hash"":""c1d55f69700cfe26"",""coverage_obligations"":""MESSAGE:PDU-C|STATE:SYNC|PERTURBATION:REPLAY_PREVIOUSLY_ACCEPTED_SECURED_PDU|REQUIREMENT:REQ-FRESHNESS-REPLAY-REJECTION"",""message_alias"":""PDU-C"",""perturbation"":""REPLAY_PREVIOUSLY_ACCEPTED_SECURED_PDU"",""requirement_id"":""REQ-FRESHNESS-REPLAY-REJECTION"",""scenario"":""已接收报文重放"",""state_before"":""SYNC"",""vector_type"":""REPLAY""}",PDU-C,已接收报文重放,SYNC,REPLAY,REPLAY_PREVIOUSLY_ACCEPTED_SECURED_PDU,c1d55f69700cfe26,REQ-FRESHNESS-REPLAY-REJECTION,MESSAGE:PDU-C|STATE:SYNC|PERTURBATION:REPLAY_PREVIOUSLY_ACCEPTED_SECURED_PDU|REQUIREMENT:REQ-FRESHNESS-REPLAY-REJECTION,20281213,same observable semantic signature as representative,derived_from_disclosed_candidate_vectors
V0068,EC-014,V0066,false,8c854e368a0a6267121f3bec322b3a27539a919cff67923f9ffa1671143fce45,"{""config_hash"":""c1d55f69700cfe26"",""coverage_obligations"":""MESSAGE:PDU-C|STATE:SYNC|PERTURBATION:REPLAY_PREVIOUSLY_ACCEPTED_SECURED_PDU|REQUIREMENT:REQ-FRESHNESS-REPLAY-REJECTION"",""message_alias"":""PDU-C"",""perturbation"":""REPLAY_PREVIOUSLY_ACCEPTED_SECURED_PDU"",""requirement_id"":""REQ-FRESHNESS-REPLAY-REJECTION"",""scenario"":""已接收报文重放"",""state_before"":""SYNC"",""vector_type"":""REPLAY""}",PDU-C,已接收报文重放,SYNC,REPLAY,REPLAY_PREVIOUSLY_ACCEPTED_SECURED_PDU,c1d55f69700cfe26,REQ-FRESHNESS-REPLAY-REJECTION,MESSAGE:PDU-C|STATE:SYNC|PERTURBATION:REPLAY_PREVIOUSLY_ACCEPTED_SECURED_PDU|REQUIREMENT:REQ-FRESHNESS-REPLAY-REJECTION,20281214,same observable semantic signature as representative,derived_from_disclosed_candidate_vectors
V0069,EC-014,V0066,false,8c854e368a0a6267121f3bec322b3a27539a919cff67923f9ffa1671143fce45,"{""config_hash"":""c1d55f69700cfe26"",""coverage_obligations"":""MESSAGE:PDU-C|STATE:SYNC|PERTURBATION:REPLAY_PREVIOUSLY_ACCEPTED_SECURED_PDU|REQUIREMENT:REQ-FRESHNESS-REPLAY-REJECTION"",""message_alias"":""PDU-C"",""perturbation"":""REPLAY_PREVIOUSLY_ACCEPTED_SECURED_PDU"",""requirement_id"":""REQ-FRESHNESS-REPLAY-REJECTION"",""scenario"":""已接收报文重放"",""state_before"":""SYNC"",""vector_type"":""REPLAY""}",PDU-C,已接收报文重放,SYNC,REPLAY,REPLAY_PREVIOUSLY_ACCEPTED_SECURED_PDU,c1d55f69700cfe26,REQ-FRESHNESS-REPLAY-REJECTION,MESSAGE:PDU-C|STATE:SYNC|PERTURBATION:REPLAY_PREVIOUSLY_ACCEPTED_SECURED_PDU|REQUIREMENT:REQ-FRESHNESS-REPLAY-REJECTION,20281215,same observable semantic signature as representative,derived_from_disclosed_candidate_vectors
V0070,EC-014,V0066,false,8c854e368a0a6267121f3bec322b3a27539a919cff67923f9ffa1671143fce45,"{""config_hash"":""c1d55f69700cfe26"",""coverage_obligations"":""MESSAGE:PDU-C|STATE:SYNC|PERTURBATION:REPLAY_PREVIOUSLY_ACCEPTED_SECURED_PDU|REQUIREMENT:REQ-FRESHNESS-REPLAY-REJECTION"",""message_alias"":""PDU-C"",""perturbation"":""REPLAY_PREVIOUSLY_ACCEPTED_SECURED_PDU"",""requirement_id"":""REQ-FRESHNESS-REPLAY-REJECTION"",""scenario"":""已接收报文重放"",""state_before"":""SYNC"",""vector_type"":""REPLAY""}",PDU-C,已接收报文重放,SYNC,REPLAY,REPLAY_PREVIOUSLY_ACCEPTED_SECURED_PDU,c1d55f69700cfe26,REQ-FRESHNESS-REPLAY-REJECTION,MESSAGE:PDU-C|STATE:SYNC|PERTURBATION:REPLAY_PREVIOUSLY_ACCEPTED_SECURED_PDU|REQUIREMENT:REQ-FRESHNESS-REPLAY-REJECTION,20281216,same observable semantic signature as representative,derived_from_disclosed_candidate_vectors
V0071,EC-015,V0071,true,59639c9ccb0bb5d413517b0a6ac4b7b9117ac67f938c15ccefdaa8c9183df3b8,"{""config_hash"":""c1d55f69700cfe26"",""coverage_obligations"":""MESSAGE:PDU-C|STATE:ROLLOVER_PENDING|PERTURBATION:AUTHENTICATED_POST_ROLLOVER_LOW_FV_5|REQUIREMENT:REQ-ROLLOVER-GATING"",""message_alias"":""PDU-C"",""perturbation"":""AUTHENTICATED_POST_ROLLOVER_LOW_FV_5"",""requirement_id"":""REQ-ROLLOVER-GATING"",""scenario"":""严格策略下FV回绕候选"",""state_before"":""ROLLOVER_PENDING"",""vector_type"":""BOUNDARY_OUT""}",PDU-C,严格策略下FV回绕候选,ROLLOVER_PENDING,BOUNDARY_OUT,AUTHENTICATED_POST_ROLLOVER_LOW_FV_5,c1d55f69700cfe26,REQ-ROLLOVER-GATING,MESSAGE:PDU-C|STATE:ROLLOVER_PENDING|PERTURBATION:AUTHENTICATED_POST_ROLLOVER_LOW_FV_5|REQUIREMENT:REQ-ROLLOVER-GATING,20281312,lowest VectorId retained as deterministic representative,derived_from_disclosed_candidate_vectors
V0072,EC-015,V0071,false,59639c9ccb0bb5d413517b0a6ac4b7b9117ac67f938c15ccefdaa8c9183df3b8,"{""config_hash"":""c1d55f69700cfe26"",""coverage_obligations"":""MESSAGE:PDU-C|STATE:ROLLOVER_PENDING|PERTURBATION:AUTHENTICATED_POST_ROLLOVER_LOW_FV_5|REQUIREMENT:REQ-ROLLOVER-GATING"",""message_alias"":""PDU-C"",""perturbation"":""AUTHENTICATED_POST_ROLLOVER_LOW_FV_5"",""requirement_id"":""REQ-ROLLOVER-GATING"",""scenario"":""严格策略下FV回绕候选"",""state_before"":""ROLLOVER_PENDING"",""vector_type"":""BOUNDARY_OUT""}",PDU-C,严格策略下FV回绕候选,ROLLOVER_PENDING,BOUNDARY_OUT,AUTHENTICATED_POST_ROLLOVER_LOW_FV_5,c1d55f69700cfe26,REQ-ROLLOVER-GATING,MESSAGE:PDU-C|STATE:ROLLOVER_PENDING|PERTURBATION:AUTHENTICATED_POST_ROLLOVER_LOW_FV_5|REQUIREMENT:REQ-ROLLOVER-GATING,20281313,same observable semantic signature as representative,derived_from_disclosed_candidate_vectors
V0073,EC-015,V0071,false,59639c9ccb0bb5d413517b0a6ac4b7b9117ac67f938c15ccefdaa8c9183df3b8,"{""config_hash"":""c1d55f69700cfe26"",""coverage_obligations"":""MESSAGE:PDU-C|STATE:ROLLOVER_PENDING|PERTURBATION:AUTHENTICATED_POST_ROLLOVER_LOW_FV_5|REQUIREMENT:REQ-ROLLOVER-GATING"",""message_alias"":""PDU-C"",""perturbation"":""AUTHENTICATED_POST_ROLLOVER_LOW_FV_5"",""requirement_id"":""REQ-ROLLOVER-GATING"",""scenario"":""严格策略下FV回绕候选"",""state_before"":""ROLLOVER_PENDING"",""vector_type"":""BOUNDARY_OUT""}",PDU-C,严格策略下FV回绕候选,ROLLOVER_PENDING,BOUNDARY_OUT,AUTHENTICATED_POST_ROLLOVER_LOW_FV_5,c1d55f69700cfe26,REQ-ROLLOVER-GATING,MESSAGE:PDU-C|STATE:ROLLOVER_PENDING|PERTURBATION:AUTHENTICATED_POST_ROLLOVER_LOW_FV_5|REQUIREMENT:REQ-ROLLOVER-GATING,20281314,same observable semantic signature as representative,derived_from_disclosed_candidate_vectors
V0074,EC-015,V0071,false,59639c9ccb0bb5d413517b0a6ac4b7b9117ac67f938c15ccefdaa8c9183df3b8,"{""config_hash"":""c1d55f69700cfe26"",""coverage_obligations"":""MESSAGE:PDU-C|STATE:ROLLOVER_PENDING|PERTURBATION:AUTHENTICATED_POST_ROLLOVER_LOW_FV_5|REQUIREMENT:REQ-ROLLOVER-GATING"",""message_alias"":""PDU-C"",""perturbation"":""AUTHENTICATED_POST_ROLLOVER_LOW_FV_5"",""requirement_id"":""REQ-ROLLOVER-GATING"",""scenario"":""严格策略下FV回绕候选"",""state_before"":""ROLLOVER_PENDING"",""vector_type"":""BOUNDARY_OUT""}",PDU-C,严格策略下FV回绕候选,ROLLOVER_PENDING,BOUNDARY_OUT,AUTHENTICATED_POST_ROLLOVER_LOW_FV_5,c1d55f69700cfe26,REQ-ROLLOVER-GATING,MESSAGE:PDU-C|STATE:ROLLOVER_PENDING|PERTURBATION:AUTHENTICATED_POST_ROLLOVER_LOW_FV_5|REQUIREMENT:REQ-ROLLOVER-GATING,20281315,same observable semantic signature as representative,derived_from_disclosed_candidate_vectors
V0075,EC-015,V0071,false,59639c9ccb0bb5d413517b0a6ac4b7b9117ac67f938c15ccefdaa8c9183df3b8,"{""config_hash"":""c1d55f69700cfe26"",""coverage_obligations"":""MESSAGE:PDU-C|STATE:ROLLOVER_PENDING|PERTURBATION:AUTHENTICATED_POST_ROLLOVER_LOW_FV_5|REQUIREMENT:REQ-ROLLOVER-GATING"",""message_alias"":""PDU-C"",""perturbation"":""AUTHENTICATED_POST_ROLLOVER_LOW_FV_5"",""requirement_id"":""REQ-ROLLOVER-GATING"",""scenario"":""严格策略下FV回绕候选"",""state_before"":""ROLLOVER_PENDING"",""vector_type"":""BOUNDARY_OUT""}",PDU-C,严格策略下FV回绕候选,ROLLOVER_PENDING,BOUNDARY_OUT,AUTHENTICATED_POST_ROLLOVER_LOW_FV_5,c1d55f69700cfe26,REQ-ROLLOVER-GATING,MESSAGE:PDU-C|STATE:ROLLOVER_PENDING|PERTURBATION:AUTHENTICATED_POST_ROLLOVER_LOW_FV_5|REQUIREMENT:REQ-ROLLOVER-GATING,20281316,same observable semantic signature as representative,derived_from_disclosed_candidate_vectors
V0076,EC-016,V0076,true,c8e8e26c47cb658919d7da6dbf334ddae845eaaf9bec0c1791fc543abdbb3e70,"{""config_hash"":""05919015c131d651"",""coverage_obligations"":""MESSAGE:PDU-D|STATE:SYNC|PERTURBATION:NONE|REQUIREMENT:REQ-VALID-DELIVERY"",""message_alias"":""PDU-D"",""perturbation"":""NONE"",""requirement_id"":""REQ-VALID-DELIVERY"",""scenario"":""合法基准通信"",""state_before"":""SYNC"",""vector_type"":""VALID""}",PDU-D,合法基准通信,SYNC,VALID,NONE,05919015c131d651,REQ-VALID-DELIVERY,MESSAGE:PDU-D|STATE:SYNC|PERTURBATION:NONE|REQUIREMENT:REQ-VALID-DELIVERY,20290912,lowest VectorId retained as deterministic representative,derived_from_disclosed_candidate_vectors
V0077,EC-016,V0076,false,c8e8e26c47cb658919d7da6dbf334ddae845eaaf9bec0c1791fc543abdbb3e70,"{""config_hash"":""05919015c131d651"",""coverage_obligations"":""MESSAGE:PDU-D|STATE:SYNC|PERTURBATION:NONE|REQUIREMENT:REQ-VALID-DELIVERY"",""message_alias"":""PDU-D"",""perturbation"":""NONE"",""requirement_id"":""REQ-VALID-DELIVERY"",""scenario"":""合法基准通信"",""state_before"":""SYNC"",""vector_type"":""VALID""}",PDU-D,合法基准通信,SYNC,VALID,NONE,05919015c131d651,REQ-VALID-DELIVERY,MESSAGE:PDU-D|STATE:SYNC|PERTURBATION:NONE|REQUIREMENT:REQ-VALID-DELIVERY,20290913,same observable semantic signature as representative,derived_from_disclosed_candidate_vectors
V0078,EC-016,V0076,false,c8e8e26c47cb658919d7da6dbf334ddae845eaaf9bec0c1791fc543abdbb3e70,"{""config_hash"":""05919015c131d651"",""coverage_obligations"":""MESSAGE:PDU-D|STATE:SYNC|PERTURBATION:NONE|REQUIREMENT:REQ-VALID-DELIVERY"",""message_alias"":""PDU-D"",""perturbation"":""NONE"",""requirement_id"":""REQ-VALID-DELIVERY"",""scenario"":""合法基准通信"",""state_before"":""SYNC"",""vector_type"":""VALID""}",PDU-D,合法基准通信,SYNC,VALID,NONE,05919015c131d651,REQ-VALID-DELIVERY,MESSAGE:PDU-D|STATE:SYNC|PERTURBATION:NONE|REQUIREMENT:REQ-VALID-DELIVERY,20290914,same observable semantic signature as representative,derived_from_disclosed_candidate_vectors
V0079,EC-016,V0076,false,c8e8e26c47cb658919d7da6dbf334ddae845eaaf9bec0c1791fc543abdbb3e70,"{""config_hash"":""05919015c131d651"",""coverage_obligations"":""MESSAGE:PDU-D|STATE:SYNC|PERTURBATION:NONE|REQUIREMENT:REQ-VALID-DELIVERY"",""message_alias"":""PDU-D"",""perturbation"":""NONE"",""requirement_id"":""REQ-VALID-DELIVERY"",""scenario"":""合法基准通信"",""state_before"":""SYNC"",""vector_type"":""VALID""}",PDU-D,合法基准通信,SYNC,VALID,NONE,05919015c131d651,REQ-VALID-DELIVERY,MESSAGE:PDU-D|STATE:SYNC|PERTURBATION:NONE|REQUIREMENT:REQ-VALID-DELIVERY,20290915,same observable semantic signature as representative,derived_from_disclosed_candidate_vectors
V0080,EC-016,V0076,false,c8e8e26c47cb658919d7da6dbf334ddae845eaaf9bec0c1791fc543abdbb3e70,"{""config_hash"":""05919015c131d651"",""coverage_obligations"":""MESSAGE:PDU-D|STATE:SYNC|PERTURBATION:NONE|REQUIREMENT:REQ-VALID-DELIVERY"",""message_alias"":""PDU-D"",""perturbation"":""NONE"",""requirement_id"":""REQ-VALID-DELIVERY"",""scenario"":""合法基准通信"",""state_before"":""SYNC"",""vector_type"":""VALID""}",PDU-D,合法基准通信,SYNC,VALID,NONE,05919015c131d651,REQ-VALID-DELIVERY,MESSAGE:PDU-D|STATE:SYNC|PERTURBATION:NONE|REQUIREMENT:REQ-VALID-DELIVERY,20290916,same observable semantic signature as representative,derived_from_disclosed_candidate_vectors
V0081,EC-017,V0081,true,1b320d06067703ec295c9991a54a15cebe3f83cc9f026484cc33ac9cf6abc780,"{""config_hash"":""05919015c131d651"",""coverage_obligations"":""MESSAGE:PDU-D|STATE:SYNC|PERTURBATION:XOR_0x01_AT_AUTH_AREA_OFFSET|REQUIREMENT:REQ-AUTH-AREA-INTEGRITY"",""message_alias"":""PDU-D"",""perturbation"":""XOR_0x01_AT_AUTH_AREA_OFFSET"",""requirement_id"":""REQ-AUTH-AREA-INTEGRITY"",""scenario"":""受认证区域内载荷篡改"",""state_before"":""SYNC"",""vector_type"":""TAMPER""}",PDU-D,受认证区域内载荷篡改,SYNC,TAMPER,XOR_0x01_AT_AUTH_AREA_OFFSET,05919015c131d651,REQ-AUTH-AREA-INTEGRITY,MESSAGE:PDU-D|STATE:SYNC|PERTURBATION:XOR_0x01_AT_AUTH_AREA_OFFSET|REQUIREMENT:REQ-AUTH-AREA-INTEGRITY,20291012,lowest VectorId retained as deterministic representative,derived_from_disclosed_candidate_vectors
V0082,EC-017,V0081,false,1b320d06067703ec295c9991a54a15cebe3f83cc9f026484cc33ac9cf6abc780,"{""config_hash"":""05919015c131d651"",""coverage_obligations"":""MESSAGE:PDU-D|STATE:SYNC|PERTURBATION:XOR_0x01_AT_AUTH_AREA_OFFSET|REQUIREMENT:REQ-AUTH-AREA-INTEGRITY"",""message_alias"":""PDU-D"",""perturbation"":""XOR_0x01_AT_AUTH_AREA_OFFSET"",""requirement_id"":""REQ-AUTH-AREA-INTEGRITY"",""scenario"":""受认证区域内载荷篡改"",""state_before"":""SYNC"",""vector_type"":""TAMPER""}",PDU-D,受认证区域内载荷篡改,SYNC,TAMPER,XOR_0x01_AT_AUTH_AREA_OFFSET,05919015c131d651,REQ-AUTH-AREA-INTEGRITY,MESSAGE:PDU-D|STATE:SYNC|PERTURBATION:XOR_0x01_AT_AUTH_AREA_OFFSET|REQUIREMENT:REQ-AUTH-AREA-INTEGRITY,20291013,same observable semantic signature as representative,derived_from_disclosed_candidate_vectors
V0083,EC-017,V0081,false,1b320d06067703ec295c9991a54a15cebe3f83cc9f026484cc33ac9cf6abc780,"{""config_hash"":""05919015c131d651"",""coverage_obligations"":""MESSAGE:PDU-D|STATE:SYNC|PERTURBATION:XOR_0x01_AT_AUTH_AREA_OFFSET|REQUIREMENT:REQ-AUTH-AREA-INTEGRITY"",""message_alias"":""PDU-D"",""perturbation"":""XOR_0x01_AT_AUTH_AREA_OFFSET"",""requirement_id"":""REQ-AUTH-AREA-INTEGRITY"",""scenario"":""受认证区域内载荷篡改"",""state_before"":""SYNC"",""vector_type"":""TAMPER""}",PDU-D,受认证区域内载荷篡改,SYNC,TAMPER,XOR_0x01_AT_AUTH_AREA_OFFSET,05919015c131d651,REQ-AUTH-AREA-INTEGRITY,MESSAGE:PDU-D|STATE:SYNC|PERTURBATION:XOR_0x01_AT_AUTH_AREA_OFFSET|REQUIREMENT:REQ-AUTH-AREA-INTEGRITY,20291014,same observable semantic signature as representative,derived_from_disclosed_candidate_vectors
V0084,EC-017,V0081,false,1b320d06067703ec295c9991a54a15cebe3f83cc9f026484cc33ac9cf6abc780,"{""config_hash"":""05919015c131d651"",""coverage_obligations"":""MESSAGE:PDU-D|STATE:SYNC|PERTURBATION:XOR_0x01_AT_AUTH_AREA_OFFSET|REQUIREMENT:REQ-AUTH-AREA-INTEGRITY"",""message_alias"":""PDU-D"",""perturbation"":""XOR_0x01_AT_AUTH_AREA_OFFSET"",""requirement_id"":""REQ-AUTH-AREA-INTEGRITY"",""scenario"":""受认证区域内载荷篡改"",""state_before"":""SYNC"",""vector_type"":""TAMPER""}",PDU-D,受认证区域内载荷篡改,SYNC,TAMPER,XOR_0x01_AT_AUTH_AREA_OFFSET,05919015c131d651,REQ-AUTH-AREA-INTEGRITY,MESSAGE:PDU-D|STATE:SYNC|PERTURBATION:XOR_0x01_AT_AUTH_AREA_OFFSET|REQUIREMENT:REQ-AUTH-AREA-INTEGRITY,20291015,same observable semantic signature as representative,derived_from_disclosed_candidate_vectors
V0085,EC-017,V0081,false,1b320d06067703ec295c9991a54a15cebe3f83cc9f026484cc33ac9cf6abc780,"{""config_hash"":""05919015c131d651"",""coverage_obligations"":""MESSAGE:PDU-D|STATE:SYNC|PERTURBATION:XOR_0x01_AT_AUTH_AREA_OFFSET|REQUIREMENT:REQ-AUTH-AREA-INTEGRITY"",""message_alias"":""PDU-D"",""perturbation"":""XOR_0x01_AT_AUTH_AREA_OFFSET"",""requirement_id"":""REQ-AUTH-AREA-INTEGRITY"",""scenario"":""受认证区域内载荷篡改"",""state_before"":""SYNC"",""vector_type"":""TAMPER""}",PDU-D,受认证区域内载荷篡改,SYNC,TAMPER,XOR_0x01_AT_AUTH_AREA_OFFSET,05919015c131d651,REQ-AUTH-AREA-INTEGRITY,MESSAGE:PDU-D|STATE:SYNC|PERTURBATION:XOR_0x01_AT_AUTH_AREA_OFFSET|REQUIREMENT:REQ-AUTH-AREA-INTEGRITY,20291016,same observable semantic signature as representative,derived_from_disclosed_candidate_vectors
V0086,EC-018,V0086,true,70b6d8a029003d3428a030404aa1fca7157d9420fd99ec24aa3ac8d75123fff4,"{""config_hash"":""05919015c131d651"",""coverage_obligations"":""MESSAGE:PDU-D|STATE:SYNC|PERTURBATION:REPLACE_TRUNCATED_MAC_WITH_ZERO|REQUIREMENT:REQ-MAC-FORGERY-REJECTION"",""message_alias"":""PDU-D"",""perturbation"":""REPLACE_TRUNCATED_MAC_WITH_ZERO"",""requirement_id"":""REQ-MAC-FORGERY-REJECTION"",""scenario"":""全零认证器伪造"",""state_before"":""SYNC"",""vector_type"":""TAMPER""}",PDU-D,全零认证器伪造,SYNC,TAMPER,REPLACE_TRUNCATED_MAC_WITH_ZERO,05919015c131d651,REQ-MAC-FORGERY-REJECTION,MESSAGE:PDU-D|STATE:SYNC|PERTURBATION:REPLACE_TRUNCATED_MAC_WITH_ZERO|REQUIREMENT:REQ-MAC-FORGERY-REJECTION,20291112,lowest VectorId retained as deterministic representative,derived_from_disclosed_candidate_vectors
V0087,EC-018,V0086,false,70b6d8a029003d3428a030404aa1fca7157d9420fd99ec24aa3ac8d75123fff4,"{""config_hash"":""05919015c131d651"",""coverage_obligations"":""MESSAGE:PDU-D|STATE:SYNC|PERTURBATION:REPLACE_TRUNCATED_MAC_WITH_ZERO|REQUIREMENT:REQ-MAC-FORGERY-REJECTION"",""message_alias"":""PDU-D"",""perturbation"":""REPLACE_TRUNCATED_MAC_WITH_ZERO"",""requirement_id"":""REQ-MAC-FORGERY-REJECTION"",""scenario"":""全零认证器伪造"",""state_before"":""SYNC"",""vector_type"":""TAMPER""}",PDU-D,全零认证器伪造,SYNC,TAMPER,REPLACE_TRUNCATED_MAC_WITH_ZERO,05919015c131d651,REQ-MAC-FORGERY-REJECTION,MESSAGE:PDU-D|STATE:SYNC|PERTURBATION:REPLACE_TRUNCATED_MAC_WITH_ZERO|REQUIREMENT:REQ-MAC-FORGERY-REJECTION,20291113,same observable semantic signature as representative,derived_from_disclosed_candidate_vectors
V0088,EC-018,V0086,false,70b6d8a029003d3428a030404aa1fca7157d9420fd99ec24aa3ac8d75123fff4,"{""config_hash"":""05919015c131d651"",""coverage_obligations"":""MESSAGE:PDU-D|STATE:SYNC|PERTURBATION:REPLACE_TRUNCATED_MAC_WITH_ZERO|REQUIREMENT:REQ-MAC-FORGERY-REJECTION"",""message_alias"":""PDU-D"",""perturbation"":""REPLACE_TRUNCATED_MAC_WITH_ZERO"",""requirement_id"":""REQ-MAC-FORGERY-REJECTION"",""scenario"":""全零认证器伪造"",""state_before"":""SYNC"",""vector_type"":""TAMPER""}",PDU-D,全零认证器伪造,SYNC,TAMPER,REPLACE_TRUNCATED_MAC_WITH_ZERO,05919015c131d651,REQ-MAC-FORGERY-REJECTION,MESSAGE:PDU-D|STATE:SYNC|PERTURBATION:REPLACE_TRUNCATED_MAC_WITH_ZERO|REQUIREMENT:REQ-MAC-FORGERY-REJECTION,20291114,same observable semantic signature as representative,derived_from_disclosed_candidate_vectors
V0089,EC-018,V0086,false,70b6d8a029003d3428a030404aa1fca7157d9420fd99ec24aa3ac8d75123fff4,"{""config_hash"":""05919015c131d651"",""coverage_obligations"":""MESSAGE:PDU-D|STATE:SYNC|PERTURBATION:REPLACE_TRUNCATED_MAC_WITH_ZERO|REQUIREMENT:REQ-MAC-FORGERY-REJECTION"",""message_alias"":""PDU-D"",""perturbation"":""REPLACE_TRUNCATED_MAC_WITH_ZERO"",""requirement_id"":""REQ-MAC-FORGERY-REJECTION"",""scenario"":""全零认证器伪造"",""state_before"":""SYNC"",""vector_type"":""TAMPER""}",PDU-D,全零认证器伪造,SYNC,TAMPER,REPLACE_TRUNCATED_MAC_WITH_ZERO,05919015c131d651,REQ-MAC-FORGERY-REJECTION,MESSAGE:PDU-D|STATE:SYNC|PERTURBATION:REPLACE_TRUNCATED_MAC_WITH_ZERO|REQUIREMENT:REQ-MAC-FORGERY-REJECTION,20291115,same observable semantic signature as representative,derived_from_disclosed_candidate_vectors
V0090,EC-018,V0086,false,70b6d8a029003d3428a030404aa1fca7157d9420fd99ec24aa3ac8d75123fff4,"{""config_hash"":""05919015c131d651"",""coverage_obligations"":""MESSAGE:PDU-D|STATE:SYNC|PERTURBATION:REPLACE_TRUNCATED_MAC_WITH_ZERO|REQUIREMENT:REQ-MAC-FORGERY-REJECTION"",""message_alias"":""PDU-D"",""perturbation"":""REPLACE_TRUNCATED_MAC_WITH_ZERO"",""requirement_id"":""REQ-MAC-FORGERY-REJECTION"",""scenario"":""全零认证器伪造"",""state_before"":""SYNC"",""vector_type"":""TAMPER""}",PDU-D,全零认证器伪造,SYNC,TAMPER,REPLACE_TRUNCATED_MAC_WITH_ZERO,05919015c131d651,REQ-MAC-FORGERY-REJECTION,MESSAGE:PDU-D|STATE:SYNC|PERTURBATION:REPLACE_TRUNCATED_MAC_WITH_ZERO|REQUIREMENT:REQ-MAC-FORGERY-REJECTION,20291116,same observable semantic signature as representative,derived_from_disclosed_candidate_vectors
V0091,EC-019,V0091,true,81565e913fc8c127da9be4b55cf7f3353db4adc0d8e9be71b73781c857b7edea,"{""config_hash"":""05919015c131d651"",""coverage_obligations"":""MESSAGE:PDU-D|STATE:SYNC|PERTURBATION:REPLAY_PREVIOUSLY_ACCEPTED_SECURED_PDU|REQUIREMENT:REQ-FRESHNESS-REPLAY-REJECTION"",""message_alias"":""PDU-D"",""perturbation"":""REPLAY_PREVIOUSLY_ACCEPTED_SECURED_PDU"",""requirement_id"":""REQ-FRESHNESS-REPLAY-REJECTION"",""scenario"":""已接收报文重放"",""state_before"":""SYNC"",""vector_type"":""REPLAY""}",PDU-D,已接收报文重放,SYNC,REPLAY,REPLAY_PREVIOUSLY_ACCEPTED_SECURED_PDU,05919015c131d651,REQ-FRESHNESS-REPLAY-REJECTION,MESSAGE:PDU-D|STATE:SYNC|PERTURBATION:REPLAY_PREVIOUSLY_ACCEPTED_SECURED_PDU|REQUIREMENT:REQ-FRESHNESS-REPLAY-REJECTION,20291212,lowest VectorId retained as deterministic representative,derived_from_disclosed_candidate_vectors
V0092,EC-019,V0091,false,81565e913fc8c127da9be4b55cf7f3353db4adc0d8e9be71b73781c857b7edea,"{""config_hash"":""05919015c131d651"",""coverage_obligations"":""MESSAGE:PDU-D|STATE:SYNC|PERTURBATION:REPLAY_PREVIOUSLY_ACCEPTED_SECURED_PDU|REQUIREMENT:REQ-FRESHNESS-REPLAY-REJECTION"",""message_alias"":""PDU-D"",""perturbation"":""REPLAY_PREVIOUSLY_ACCEPTED_SECURED_PDU"",""requirement_id"":""REQ-FRESHNESS-REPLAY-REJECTION"",""scenario"":""已接收报文重放"",""state_before"":""SYNC"",""vector_type"":""REPLAY""}",PDU-D,已接收报文重放,SYNC,REPLAY,REPLAY_PREVIOUSLY_ACCEPTED_SECURED_PDU,05919015c131d651,REQ-FRESHNESS-REPLAY-REJECTION,MESSAGE:PDU-D|STATE:SYNC|PERTURBATION:REPLAY_PREVIOUSLY_ACCEPTED_SECURED_PDU|REQUIREMENT:REQ-FRESHNESS-REPLAY-REJECTION,20291213,same observable semantic signature as representative,derived_from_disclosed_candidate_vectors
V0093,EC-019,V0091,false,81565e913fc8c127da9be4b55cf7f3353db4adc0d8e9be71b73781c857b7edea,"{""config_hash"":""05919015c131d651"",""coverage_obligations"":""MESSAGE:PDU-D|STATE:SYNC|PERTURBATION:REPLAY_PREVIOUSLY_ACCEPTED_SECURED_PDU|REQUIREMENT:REQ-FRESHNESS-REPLAY-REJECTION"",""message_alias"":""PDU-D"",""perturbation"":""REPLAY_PREVIOUSLY_ACCEPTED_SECURED_PDU"",""requirement_id"":""REQ-FRESHNESS-REPLAY-REJECTION"",""scenario"":""已接收报文重放"",""state_before"":""SYNC"",""vector_type"":""REPLAY""}",PDU-D,已接收报文重放,SYNC,REPLAY,REPLAY_PREVIOUSLY_ACCEPTED_SECURED_PDU,05919015c131d651,REQ-FRESHNESS-REPLAY-REJECTION,MESSAGE:PDU-D|STATE:SYNC|PERTURBATION:REPLAY_PREVIOUSLY_ACCEPTED_SECURED_PDU|REQUIREMENT:REQ-FRESHNESS-REPLAY-REJECTION,20291214,same observable semantic signature as representative,derived_from_disclosed_candidate_vectors
V0094,EC-019,V0091,false,81565e913fc8c127da9be4b55cf7f3353db4adc0d8e9be71b73781c857b7edea,"{""config_hash"":""05919015c131d651"",""coverage_obligations"":""MESSAGE:PDU-D|STATE:SYNC|PERTURBATION:REPLAY_PREVIOUSLY_ACCEPTED_SECURED_PDU|REQUIREMENT:REQ-FRESHNESS-REPLAY-REJECTION"",""message_alias"":""PDU-D"",""perturbation"":""REPLAY_PREVIOUSLY_ACCEPTED_SECURED_PDU"",""requirement_id"":""REQ-FRESHNESS-REPLAY-REJECTION"",""scenario"":""已接收报文重放"",""state_before"":""SYNC"",""vector_type"":""REPLAY""}",PDU-D,已接收报文重放,SYNC,REPLAY,REPLAY_PREVIOUSLY_ACCEPTED_SECURED_PDU,05919015c131d651,REQ-FRESHNESS-REPLAY-REJECTION,MESSAGE:PDU-D|STATE:SYNC|PERTURBATION:REPLAY_PREVIOUSLY_ACCEPTED_SECURED_PDU|REQUIREMENT:REQ-FRESHNESS-REPLAY-REJECTION,20291215,same observable semantic signature as representative,derived_from_disclosed_candidate_vectors
V0095,EC-019,V0091,false,81565e913fc8c127da9be4b55cf7f3353db4adc0d8e9be71b73781c857b7edea,"{""config_hash"":""05919015c131d651"",""coverage_obligations"":""MESSAGE:PDU-D|STATE:SYNC|PERTURBATION:REPLAY_PREVIOUSLY_ACCEPTED_SECURED_PDU|REQUIREMENT:REQ-FRESHNESS-REPLAY-REJECTION"",""message_alias"":""PDU-D"",""perturbation"":""REPLAY_PREVIOUSLY_ACCEPTED_SECURED_PDU"",""requirement_id"":""REQ-FRESHNESS-REPLAY-REJECTION"",""scenario"":""已接收报文重放"",""state_before"":""SYNC"",""vector_type"":""REPLAY""}",PDU-D,已接收报文重放,SYNC,REPLAY,REPLAY_PREVIOUSLY_ACCEPTED_SECURED_PDU,05919015c131d651,REQ-FRESHNESS-REPLAY-REJECTION,MESSAGE:PDU-D|STATE:SYNC|PERTURBATION:REPLAY_PREVIOUSLY_ACCEPTED_SECURED_PDU|REQUIREMENT:REQ-FRESHNESS-REPLAY-REJECTION,20291216,same observable semantic signature as representative,derived_from_disclosed_candidate_vectors
V0096,EC-020,V0096,true,077ef2f9e837f08f8b1c54e4fc830848617dd779842b0b3b1d28aca55f11bf1e,"{""config_hash"":""05919015c131d651"",""coverage_obligations"":""MESSAGE:PDU-D|STATE:ROLLOVER_PENDING|PERTURBATION:AUTHENTICATED_POST_ROLLOVER_LOW_FV_5|REQUIREMENT:REQ-ROLLOVER-GATING"",""message_alias"":""PDU-D"",""perturbation"":""AUTHENTICATED_POST_ROLLOVER_LOW_FV_5"",""requirement_id"":""REQ-ROLLOVER-GATING"",""scenario"":""严格策略下FV回绕候选"",""state_before"":""ROLLOVER_PENDING"",""vector_type"":""BOUNDARY_OUT""}",PDU-D,严格策略下FV回绕候选,ROLLOVER_PENDING,BOUNDARY_OUT,AUTHENTICATED_POST_ROLLOVER_LOW_FV_5,05919015c131d651,REQ-ROLLOVER-GATING,MESSAGE:PDU-D|STATE:ROLLOVER_PENDING|PERTURBATION:AUTHENTICATED_POST_ROLLOVER_LOW_FV_5|REQUIREMENT:REQ-ROLLOVER-GATING,20291312,lowest VectorId retained as deterministic representative,derived_from_disclosed_candidate_vectors
V0097,EC-020,V0096,false,077ef2f9e837f08f8b1c54e4fc830848617dd779842b0b3b1d28aca55f11bf1e,"{""config_hash"":""05919015c131d651"",""coverage_obligations"":""MESSAGE:PDU-D|STATE:ROLLOVER_PENDING|PERTURBATION:AUTHENTICATED_POST_ROLLOVER_LOW_FV_5|REQUIREMENT:REQ-ROLLOVER-GATING"",""message_alias"":""PDU-D"",""perturbation"":""AUTHENTICATED_POST_ROLLOVER_LOW_FV_5"",""requirement_id"":""REQ-ROLLOVER-GATING"",""scenario"":""严格策略下FV回绕候选"",""state_before"":""ROLLOVER_PENDING"",""vector_type"":""BOUNDARY_OUT""}",PDU-D,严格策略下FV回绕候选,ROLLOVER_PENDING,BOUNDARY_OUT,AUTHENTICATED_POST_ROLLOVER_LOW_FV_5,05919015c131d651,REQ-ROLLOVER-GATING,MESSAGE:PDU-D|STATE:ROLLOVER_PENDING|PERTURBATION:AUTHENTICATED_POST_ROLLOVER_LOW_FV_5|REQUIREMENT:REQ-ROLLOVER-GATING,20291313,same observable semantic signature as representative,derived_from_disclosed_candidate_vectors
V0098,EC-020,V0096,false,077ef2f9e837f08f8b1c54e4fc830848617dd779842b0b3b1d28aca55f11bf1e,"{""config_hash"":""05919015c131d651"",""coverage_obligations"":""MESSAGE:PDU-D|STATE:ROLLOVER_PENDING|PERTURBATION:AUTHENTICATED_POST_ROLLOVER_LOW_FV_5|REQUIREMENT:REQ-ROLLOVER-GATING"",""message_alias"":""PDU-D"",""perturbation"":""AUTHENTICATED_POST_ROLLOVER_LOW_FV_5"",""requirement_id"":""REQ-ROLLOVER-GATING"",""scenario"":""严格策略下FV回绕候选"",""state_before"":""ROLLOVER_PENDING"",""vector_type"":""BOUNDARY_OUT""}",PDU-D,严格策略下FV回绕候选,ROLLOVER_PENDING,BOUNDARY_OUT,AUTHENTICATED_POST_ROLLOVER_LOW_FV_5,05919015c131d651,REQ-ROLLOVER-GATING,MESSAGE:PDU-D|STATE:ROLLOVER_PENDING|PERTURBATION:AUTHENTICATED_POST_ROLLOVER_LOW_FV_5|REQUIREMENT:REQ-ROLLOVER-GATING,20291314,same observable semantic signature as representative,derived_from_disclosed_candidate_vectors
V0099,EC-020,V0096,false,077ef2f9e837f08f8b1c54e4fc830848617dd779842b0b3b1d28aca55f11bf1e,"{""config_hash"":""05919015c131d651"",""coverage_obligations"":""MESSAGE:PDU-D|STATE:ROLLOVER_PENDING|PERTURBATION:AUTHENTICATED_POST_ROLLOVER_LOW_FV_5|REQUIREMENT:REQ-ROLLOVER-GATING"",""message_alias"":""PDU-D"",""perturbation"":""AUTHENTICATED_POST_ROLLOVER_LOW_FV_5"",""requirement_id"":""REQ-ROLLOVER-GATING"",""scenario"":""严格策略下FV回绕候选"",""state_before"":""ROLLOVER_PENDING"",""vector_type"":""BOUNDARY_OUT""}",PDU-D,严格策略下FV回绕候选,ROLLOVER_PENDING,BOUNDARY_OUT,AUTHENTICATED_POST_ROLLOVER_LOW_FV_5,05919015c131d651,REQ-ROLLOVER-GATING,MESSAGE:PDU-D|STATE:ROLLOVER_PENDING|PERTURBATION:AUTHENTICATED_POST_ROLLOVER_LOW_FV_5|REQUIREMENT:REQ-ROLLOVER-GATING,20291315,same observable semantic signature as representative,derived_from_disclosed_candidate_vectors
V0100,EC-020,V0096,false,077ef2f9e837f08f8b1c54e4fc830848617dd779842b0b3b1d28aca55f11bf1e,"{""config_hash"":""05919015c131d651"",""coverage_obligations"":""MESSAGE:PDU-D|STATE:ROLLOVER_PENDING|PERTURBATION:AUTHENTICATED_POST_ROLLOVER_LOW_FV_5|REQUIREMENT:REQ-ROLLOVER-GATING"",""message_alias"":""PDU-D"",""perturbation"":""AUTHENTICATED_POST_ROLLOVER_LOW_FV_5"",""requirement_id"":""REQ-ROLLOVER-GATING"",""scenario"":""严格策略下FV回绕候选"",""state_before"":""ROLLOVER_PENDING"",""vector_type"":""BOUNDARY_OUT""}",PDU-D,严格策略下FV回绕候选,ROLLOVER_PENDING,BOUNDARY_OUT,AUTHENTICATED_POST_ROLLOVER_LOW_FV_5,05919015c131d651,REQ-ROLLOVER-GATING,MESSAGE:PDU-D|STATE:ROLLOVER_PENDING|PERTURBATION:AUTHENTICATED_POST_ROLLOVER_LOW_FV_5|REQUIREMENT:REQ-ROLLOVER-GATING,20291316,same observable semantic signature as representative,derived_from_disclosed_candidate_vectors
V0101,EC-021,V0101,true,df5595b3cc37503beceffbc66fbd6da2a564e2d2bea64e04662b965f4e38e72c,"{""config_hash"":""efdf03275f0fea9f"",""coverage_obligations"":""MESSAGE:PDU-E|STATE:SYNC|PERTURBATION:NONE|REQUIREMENT:REQ-VALID-DELIVERY"",""message_alias"":""PDU-E"",""perturbation"":""NONE"",""requirement_id"":""REQ-VALID-DELIVERY"",""scenario"":""合法基准通信"",""state_before"":""SYNC"",""vector_type"":""VALID""}",PDU-E,合法基准通信,SYNC,VALID,NONE,efdf03275f0fea9f,REQ-VALID-DELIVERY,MESSAGE:PDU-E|STATE:SYNC|PERTURBATION:NONE|REQUIREMENT:REQ-VALID-DELIVERY,20300912,lowest VectorId retained as deterministic representative,derived_from_disclosed_candidate_vectors
V0102,EC-021,V0101,false,df5595b3cc37503beceffbc66fbd6da2a564e2d2bea64e04662b965f4e38e72c,"{""config_hash"":""efdf03275f0fea9f"",""coverage_obligations"":""MESSAGE:PDU-E|STATE:SYNC|PERTURBATION:NONE|REQUIREMENT:REQ-VALID-DELIVERY"",""message_alias"":""PDU-E"",""perturbation"":""NONE"",""requirement_id"":""REQ-VALID-DELIVERY"",""scenario"":""合法基准通信"",""state_before"":""SYNC"",""vector_type"":""VALID""}",PDU-E,合法基准通信,SYNC,VALID,NONE,efdf03275f0fea9f,REQ-VALID-DELIVERY,MESSAGE:PDU-E|STATE:SYNC|PERTURBATION:NONE|REQUIREMENT:REQ-VALID-DELIVERY,20300913,same observable semantic signature as representative,derived_from_disclosed_candidate_vectors
V0103,EC-021,V0101,false,df5595b3cc37503beceffbc66fbd6da2a564e2d2bea64e04662b965f4e38e72c,"{""config_hash"":""efdf03275f0fea9f"",""coverage_obligations"":""MESSAGE:PDU-E|STATE:SYNC|PERTURBATION:NONE|REQUIREMENT:REQ-VALID-DELIVERY"",""message_alias"":""PDU-E"",""perturbation"":""NONE"",""requirement_id"":""REQ-VALID-DELIVERY"",""scenario"":""合法基准通信"",""state_before"":""SYNC"",""vector_type"":""VALID""}",PDU-E,合法基准通信,SYNC,VALID,NONE,efdf03275f0fea9f,REQ-VALID-DELIVERY,MESSAGE:PDU-E|STATE:SYNC|PERTURBATION:NONE|REQUIREMENT:REQ-VALID-DELIVERY,20300914,same observable semantic signature as representative,derived_from_disclosed_candidate_vectors
V0104,EC-021,V0101,false,df5595b3cc37503beceffbc66fbd6da2a564e2d2bea64e04662b965f4e38e72c,"{""config_hash"":""efdf03275f0fea9f"",""coverage_obligations"":""MESSAGE:PDU-E|STATE:SYNC|PERTURBATION:NONE|REQUIREMENT:REQ-VALID-DELIVERY"",""message_alias"":""PDU-E"",""perturbation"":""NONE"",""requirement_id"":""REQ-VALID-DELIVERY"",""scenario"":""合法基准通信"",""state_before"":""SYNC"",""vector_type"":""VALID""}",PDU-E,合法基准通信,SYNC,VALID,NONE,efdf03275f0fea9f,REQ-VALID-DELIVERY,MESSAGE:PDU-E|STATE:SYNC|PERTURBATION:NONE|REQUIREMENT:REQ-VALID-DELIVERY,20300915,same observable semantic signature as representative,derived_from_disclosed_candidate_vectors
V0105,EC-021,V0101,false,df5595b3cc37503beceffbc66fbd6da2a564e2d2bea64e04662b965f4e38e72c,"{""config_hash"":""efdf03275f0fea9f"",""coverage_obligations"":""MESSAGE:PDU-E|STATE:SYNC|PERTURBATION:NONE|REQUIREMENT:REQ-VALID-DELIVERY"",""message_alias"":""PDU-E"",""perturbation"":""NONE"",""requirement_id"":""REQ-VALID-DELIVERY"",""scenario"":""合法基准通信"",""state_before"":""SYNC"",""vector_type"":""VALID""}",PDU-E,合法基准通信,SYNC,VALID,NONE,efdf03275f0fea9f,REQ-VALID-DELIVERY,MESSAGE:PDU-E|STATE:SYNC|PERTURBATION:NONE|REQUIREMENT:REQ-VALID-DELIVERY,20300916,same observable semantic signature as representative,derived_from_disclosed_candidate_vectors
V0106,EC-022,V0106,true,9323bcc9979e4b7a7e00a550f6385d87cfe94305e5b8c2a3c83a4138ba4e946c,"{""config_hash"":""efdf03275f0fea9f"",""coverage_obligations"":""MESSAGE:PDU-E|STATE:SYNC|PERTURBATION:XOR_0x01_AT_AUTH_AREA_OFFSET|REQUIREMENT:REQ-AUTH-AREA-INTEGRITY"",""message_alias"":""PDU-E"",""perturbation"":""XOR_0x01_AT_AUTH_AREA_OFFSET"",""requirement_id"":""REQ-AUTH-AREA-INTEGRITY"",""scenario"":""受认证区域内载荷篡改"",""state_before"":""SYNC"",""vector_type"":""TAMPER""}",PDU-E,受认证区域内载荷篡改,SYNC,TAMPER,XOR_0x01_AT_AUTH_AREA_OFFSET,efdf03275f0fea9f,REQ-AUTH-AREA-INTEGRITY,MESSAGE:PDU-E|STATE:SYNC|PERTURBATION:XOR_0x01_AT_AUTH_AREA_OFFSET|REQUIREMENT:REQ-AUTH-AREA-INTEGRITY,20301012,lowest VectorId retained as deterministic representative,derived_from_disclosed_candidate_vectors
V0107,EC-022,V0106,false,9323bcc9979e4b7a7e00a550f6385d87cfe94305e5b8c2a3c83a4138ba4e946c,"{""config_hash"":""efdf03275f0fea9f"",""coverage_obligations"":""MESSAGE:PDU-E|STATE:SYNC|PERTURBATION:XOR_0x01_AT_AUTH_AREA_OFFSET|REQUIREMENT:REQ-AUTH-AREA-INTEGRITY"",""message_alias"":""PDU-E"",""perturbation"":""XOR_0x01_AT_AUTH_AREA_OFFSET"",""requirement_id"":""REQ-AUTH-AREA-INTEGRITY"",""scenario"":""受认证区域内载荷篡改"",""state_before"":""SYNC"",""vector_type"":""TAMPER""}",PDU-E,受认证区域内载荷篡改,SYNC,TAMPER,XOR_0x01_AT_AUTH_AREA_OFFSET,efdf03275f0fea9f,REQ-AUTH-AREA-INTEGRITY,MESSAGE:PDU-E|STATE:SYNC|PERTURBATION:XOR_0x01_AT_AUTH_AREA_OFFSET|REQUIREMENT:REQ-AUTH-AREA-INTEGRITY,20301013,same observable semantic signature as representative,derived_from_disclosed_candidate_vectors
V0108,EC-022,V0106,false,9323bcc9979e4b7a7e00a550f6385d87cfe94305e5b8c2a3c83a4138ba4e946c,"{""config_hash"":""efdf03275f0fea9f"",""coverage_obligations"":""MESSAGE:PDU-E|STATE:SYNC|PERTURBATION:XOR_0x01_AT_AUTH_AREA_OFFSET|REQUIREMENT:REQ-AUTH-AREA-INTEGRITY"",""message_alias"":""PDU-E"",""perturbation"":""XOR_0x01_AT_AUTH_AREA_OFFSET"",""requirement_id"":""REQ-AUTH-AREA-INTEGRITY"",""scenario"":""受认证区域内载荷篡改"",""state_before"":""SYNC"",""vector_type"":""TAMPER""}",PDU-E,受认证区域内载荷篡改,SYNC,TAMPER,XOR_0x01_AT_AUTH_AREA_OFFSET,efdf03275f0fea9f,REQ-AUTH-AREA-INTEGRITY,MESSAGE:PDU-E|STATE:SYNC|PERTURBATION:XOR_0x01_AT_AUTH_AREA_OFFSET|REQUIREMENT:REQ-AUTH-AREA-INTEGRITY,20301014,same observable semantic signature as representative,derived_from_disclosed_candidate_vectors
V0109,EC-022,V0106,false,9323bcc9979e4b7a7e00a550f6385d87cfe94305e5b8c2a3c83a4138ba4e946c,"{""config_hash"":""efdf03275f0fea9f"",""coverage_obligations"":""MESSAGE:PDU-E|STATE:SYNC|PERTURBATION:XOR_0x01_AT_AUTH_AREA_OFFSET|REQUIREMENT:REQ-AUTH-AREA-INTEGRITY"",""message_alias"":""PDU-E"",""perturbation"":""XOR_0x01_AT_AUTH_AREA_OFFSET"",""requirement_id"":""REQ-AUTH-AREA-INTEGRITY"",""scenario"":""受认证区域内载荷篡改"",""state_before"":""SYNC"",""vector_type"":""TAMPER""}",PDU-E,受认证区域内载荷篡改,SYNC,TAMPER,XOR_0x01_AT_AUTH_AREA_OFFSET,efdf03275f0fea9f,REQ-AUTH-AREA-INTEGRITY,MESSAGE:PDU-E|STATE:SYNC|PERTURBATION:XOR_0x01_AT_AUTH_AREA_OFFSET|REQUIREMENT:REQ-AUTH-AREA-INTEGRITY,20301015,same observable semantic signature as representative,derived_from_disclosed_candidate_vectors
V0110,EC-022,V0106,false,9323bcc9979e4b7a7e00a550f6385d87cfe94305e5b8c2a3c83a4138ba4e946c,"{""config_hash"":""efdf03275f0fea9f"",""coverage_obligations"":""MESSAGE:PDU-E|STATE:SYNC|PERTURBATION:XOR_0x01_AT_AUTH_AREA_OFFSET|REQUIREMENT:REQ-AUTH-AREA-INTEGRITY"",""message_alias"":""PDU-E"",""perturbation"":""XOR_0x01_AT_AUTH_AREA_OFFSET"",""requirement_id"":""REQ-AUTH-AREA-INTEGRITY"",""scenario"":""受认证区域内载荷篡改"",""state_before"":""SYNC"",""vector_type"":""TAMPER""}",PDU-E,受认证区域内载荷篡改,SYNC,TAMPER,XOR_0x01_AT_AUTH_AREA_OFFSET,efdf03275f0fea9f,REQ-AUTH-AREA-INTEGRITY,MESSAGE:PDU-E|STATE:SYNC|PERTURBATION:XOR_0x01_AT_AUTH_AREA_OFFSET|REQUIREMENT:REQ-AUTH-AREA-INTEGRITY,20301016,same observable semantic signature as representative,derived_from_disclosed_candidate_vectors
V0111,EC-023,V0111,true,96822aa00ab55a67c0b839f3bfd93131945f58ab4bc9fa3d41b702d24361e04f,"{""config_hash"":""efdf03275f0fea9f"",""coverage_obligations"":""MESSAGE:PDU-E|STATE:SYNC|PERTURBATION:REPLACE_TRUNCATED_MAC_WITH_ZERO|REQUIREMENT:REQ-MAC-FORGERY-REJECTION"",""message_alias"":""PDU-E"",""perturbation"":""REPLACE_TRUNCATED_MAC_WITH_ZERO"",""requirement_id"":""REQ-MAC-FORGERY-REJECTION"",""scenario"":""全零认证器伪造"",""state_before"":""SYNC"",""vector_type"":""TAMPER""}",PDU-E,全零认证器伪造,SYNC,TAMPER,REPLACE_TRUNCATED_MAC_WITH_ZERO,efdf03275f0fea9f,REQ-MAC-FORGERY-REJECTION,MESSAGE:PDU-E|STATE:SYNC|PERTURBATION:REPLACE_TRUNCATED_MAC_WITH_ZERO|REQUIREMENT:REQ-MAC-FORGERY-REJECTION,20301112,lowest VectorId retained as deterministic representative,derived_from_disclosed_candidate_vectors
V0112,EC-023,V0111,false,96822aa00ab55a67c0b839f3bfd93131945f58ab4bc9fa3d41b702d24361e04f,"{""config_hash"":""efdf03275f0fea9f"",""coverage_obligations"":""MESSAGE:PDU-E|STATE:SYNC|PERTURBATION:REPLACE_TRUNCATED_MAC_WITH_ZERO|REQUIREMENT:REQ-MAC-FORGERY-REJECTION"",""message_alias"":""PDU-E"",""perturbation"":""REPLACE_TRUNCATED_MAC_WITH_ZERO"",""requirement_id"":""REQ-MAC-FORGERY-REJECTION"",""scenario"":""全零认证器伪造"",""state_before"":""SYNC"",""vector_type"":""TAMPER""}",PDU-E,全零认证器伪造,SYNC,TAMPER,REPLACE_TRUNCATED_MAC_WITH_ZERO,efdf03275f0fea9f,REQ-MAC-FORGERY-REJECTION,MESSAGE:PDU-E|STATE:SYNC|PERTURBATION:REPLACE_TRUNCATED_MAC_WITH_ZERO|REQUIREMENT:REQ-MAC-FORGERY-REJECTION,20301113,same observable semantic signature as representative,derived_from_disclosed_candidate_vectors
V0113,EC-023,V0111,false,96822aa00ab55a67c0b839f3bfd93131945f58ab4bc9fa3d41b702d24361e04f,"{""config_hash"":""efdf03275f0fea9f"",""coverage_obligations"":""MESSAGE:PDU-E|STATE:SYNC|PERTURBATION:REPLACE_TRUNCATED_MAC_WITH_ZERO|REQUIREMENT:REQ-MAC-FORGERY-REJECTION"",""message_alias"":""PDU-E"",""perturbation"":""REPLACE_TRUNCATED_MAC_WITH_ZERO"",""requirement_id"":""REQ-MAC-FORGERY-REJECTION"",""scenario"":""全零认证器伪造"",""state_before"":""SYNC"",""vector_type"":""TAMPER""}",PDU-E,全零认证器伪造,SYNC,TAMPER,REPLACE_TRUNCATED_MAC_WITH_ZERO,efdf03275f0fea9f,REQ-MAC-FORGERY-REJECTION,MESSAGE:PDU-E|STATE:SYNC|PERTURBATION:REPLACE_TRUNCATED_MAC_WITH_ZERO|REQUIREMENT:REQ-MAC-FORGERY-REJECTION,20301114,same observable semantic signature as representative,derived_from_disclosed_candidate_vectors
V0114,EC-023,V0111,false,96822aa00ab55a67c0b839f3bfd93131945f58ab4bc9fa3d41b702d24361e04f,"{""config_hash"":""efdf03275f0fea9f"",""coverage_obligations"":""MESSAGE:PDU-E|STATE:SYNC|PERTURBATION:REPLACE_TRUNCATED_MAC_WITH_ZERO|REQUIREMENT:REQ-MAC-FORGERY-REJECTION"",""message_alias"":""PDU-E"",""perturbation"":""REPLACE_TRUNCATED_MAC_WITH_ZERO"",""requirement_id"":""REQ-MAC-FORGERY-REJECTION"",""scenario"":""全零认证器伪造"",""state_before"":""SYNC"",""vector_type"":""TAMPER""}",PDU-E,全零认证器伪造,SYNC,TAMPER,REPLACE_TRUNCATED_MAC_WITH_ZERO,efdf03275f0fea9f,REQ-MAC-FORGERY-REJECTION,MESSAGE:PDU-E|STATE:SYNC|PERTURBATION:REPLACE_TRUNCATED_MAC_WITH_ZERO|REQUIREMENT:REQ-MAC-FORGERY-REJECTION,20301115,same observable semantic signature as representative,derived_from_disclosed_candidate_vectors
V0115,EC-023,V0111,false,96822aa00ab55a67c0b839f3bfd93131945f58ab4bc9fa3d41b702d24361e04f,"{""config_hash"":""efdf03275f0fea9f"",""coverage_obligations"":""MESSAGE:PDU-E|STATE:SYNC|PERTURBATION:REPLACE_TRUNCATED_MAC_WITH_ZERO|REQUIREMENT:REQ-MAC-FORGERY-REJECTION"",""message_alias"":""PDU-E"",""perturbation"":""REPLACE_TRUNCATED_MAC_WITH_ZERO"",""requirement_id"":""REQ-MAC-FORGERY-REJECTION"",""scenario"":""全零认证器伪造"",""state_before"":""SYNC"",""vector_type"":""TAMPER""}",PDU-E,全零认证器伪造,SYNC,TAMPER,REPLACE_TRUNCATED_MAC_WITH_ZERO,efdf03275f0fea9f,REQ-MAC-FORGERY-REJECTION,MESSAGE:PDU-E|STATE:SYNC|PERTURBATION:REPLACE_TRUNCATED_MAC_WITH_ZERO|REQUIREMENT:REQ-MAC-FORGERY-REJECTION,20301116,same observable semantic signature as representative,derived_from_disclosed_candidate_vectors
V0116,EC-024,V0116,true,56621f1f1e917ed1cb62e326459992dd6211b90201613097e47e52eba647c00b,"{""config_hash"":""efdf03275f0fea9f"",""coverage_obligations"":""MESSAGE:PDU-E|STATE:SYNC|PERTURBATION:REPLAY_PREVIOUSLY_ACCEPTED_SECURED_PDU|REQUIREMENT:REQ-FRESHNESS-REPLAY-REJECTION"",""message_alias"":""PDU-E"",""perturbation"":""REPLAY_PREVIOUSLY_ACCEPTED_SECURED_PDU"",""requirement_id"":""REQ-FRESHNESS-REPLAY-REJECTION"",""scenario"":""已接收报文重放"",""state_before"":""SYNC"",""vector_type"":""REPLAY""}",PDU-E,已接收报文重放,SYNC,REPLAY,REPLAY_PREVIOUSLY_ACCEPTED_SECURED_PDU,efdf03275f0fea9f,REQ-FRESHNESS-REPLAY-REJECTION,MESSAGE:PDU-E|STATE:SYNC|PERTURBATION:REPLAY_PREVIOUSLY_ACCEPTED_SECURED_PDU|REQUIREMENT:REQ-FRESHNESS-REPLAY-REJECTION,20301212,lowest VectorId retained as deterministic representative,derived_from_disclosed_candidate_vectors
V0117,EC-024,V0116,false,56621f1f1e917ed1cb62e326459992dd6211b90201613097e47e52eba647c00b,"{""config_hash"":""efdf03275f0fea9f"",""coverage_obligations"":""MESSAGE:PDU-E|STATE:SYNC|PERTURBATION:REPLAY_PREVIOUSLY_ACCEPTED_SECURED_PDU|REQUIREMENT:REQ-FRESHNESS-REPLAY-REJECTION"",""message_alias"":""PDU-E"",""perturbation"":""REPLAY_PREVIOUSLY_ACCEPTED_SECURED_PDU"",""requirement_id"":""REQ-FRESHNESS-REPLAY-REJECTION"",""scenario"":""已接收报文重放"",""state_before"":""SYNC"",""vector_type"":""REPLAY""}",PDU-E,已接收报文重放,SYNC,REPLAY,REPLAY_PREVIOUSLY_ACCEPTED_SECURED_PDU,efdf03275f0fea9f,REQ-FRESHNESS-REPLAY-REJECTION,MESSAGE:PDU-E|STATE:SYNC|PERTURBATION:REPLAY_PREVIOUSLY_ACCEPTED_SECURED_PDU|REQUIREMENT:REQ-FRESHNESS-REPLAY-REJECTION,20301213,same observable semantic signature as representative,derived_from_disclosed_candidate_vectors
V0118,EC-024,V0116,false,56621f1f1e917ed1cb62e326459992dd6211b90201613097e47e52eba647c00b,"{""config_hash"":""efdf03275f0fea9f"",""coverage_obligations"":""MESSAGE:PDU-E|STATE:SYNC|PERTURBATION:REPLAY_PREVIOUSLY_ACCEPTED_SECURED_PDU|REQUIREMENT:REQ-FRESHNESS-REPLAY-REJECTION"",""message_alias"":""PDU-E"",""perturbation"":""REPLAY_PREVIOUSLY_ACCEPTED_SECURED_PDU"",""requirement_id"":""REQ-FRESHNESS-REPLAY-REJECTION"",""scenario"":""已接收报文重放"",""state_before"":""SYNC"",""vector_type"":""REPLAY""}",PDU-E,已接收报文重放,SYNC,REPLAY,REPLAY_PREVIOUSLY_ACCEPTED_SECURED_PDU,efdf03275f0fea9f,REQ-FRESHNESS-REPLAY-REJECTION,MESSAGE:PDU-E|STATE:SYNC|PERTURBATION:REPLAY_PREVIOUSLY_ACCEPTED_SECURED_PDU|REQUIREMENT:REQ-FRESHNESS-REPLAY-REJECTION,20301214,same observable semantic signature as representative,derived_from_disclosed_candidate_vectors
V0119,EC-024,V0116,false,56621f1f1e917ed1cb62e326459992dd6211b90201613097e47e52eba647c00b,"{""config_hash"":""efdf03275f0fea9f"",""coverage_obligations"":""MESSAGE:PDU-E|STATE:SYNC|PERTURBATION:REPLAY_PREVIOUSLY_ACCEPTED_SECURED_PDU|REQUIREMENT:REQ-FRESHNESS-REPLAY-REJECTION"",""message_alias"":""PDU-E"",""perturbation"":""REPLAY_PREVIOUSLY_ACCEPTED_SECURED_PDU"",""requirement_id"":""REQ-FRESHNESS-REPLAY-REJECTION"",""scenario"":""已接收报文重放"",""state_before"":""SYNC"",""vector_type"":""REPLAY""}",PDU-E,已接收报文重放,SYNC,REPLAY,REPLAY_PREVIOUSLY_ACCEPTED_SECURED_PDU,efdf03275f0fea9f,REQ-FRESHNESS-REPLAY-REJECTION,MESSAGE:PDU-E|STATE:SYNC|PERTURBATION:REPLAY_PREVIOUSLY_ACCEPTED_SECURED_PDU|REQUIREMENT:REQ-FRESHNESS-REPLAY-REJECTION,20301215,same observable semantic signature as representative,derived_from_disclosed_candidate_vectors
V0120,EC-024,V0116,false,56621f1f1e917ed1cb62e326459992dd6211b90201613097e47e52eba647c00b,"{""config_hash"":""efdf03275f0fea9f"",""coverage_obligations"":""MESSAGE:PDU-E|STATE:SYNC|PERTURBATION:REPLAY_PREVIOUSLY_ACCEPTED_SECURED_PDU|REQUIREMENT:REQ-FRESHNESS-REPLAY-REJECTION"",""message_alias"":""PDU-E"",""perturbation"":""REPLAY_PREVIOUSLY_ACCEPTED_SECURED_PDU"",""requirement_id"":""REQ-FRESHNESS-REPLAY-REJECTION"",""scenario"":""已接收报文重放"",""state_before"":""SYNC"",""vector_type"":""REPLAY""}",PDU-E,已接收报文重放,SYNC,REPLAY,REPLAY_PREVIOUSLY_ACCEPTED_SECURED_PDU,efdf03275f0fea9f,REQ-FRESHNESS-REPLAY-REJECTION,MESSAGE:PDU-E|STATE:SYNC|PERTURBATION:REPLAY_PREVIOUSLY_ACCEPTED_SECURED_PDU|REQUIREMENT:REQ-FRESHNESS-REPLAY-REJECTION,20301216,same observable semantic signature as representative,derived_from_disclosed_candidate_vectors
V0121,EC-025,V0121,true,ede032a134a728ac21f255cdb58f7d5cc0249c558be58b6c32ab97876de74fd2,"{""config_hash"":""efdf03275f0fea9f"",""coverage_obligations"":""MESSAGE:PDU-E|STATE:ROLLOVER_PENDING|PERTURBATION:AUTHENTICATED_POST_ROLLOVER_LOW_FV_5|REQUIREMENT:REQ-ROLLOVER-GATING"",""message_alias"":""PDU-E"",""perturbation"":""AUTHENTICATED_POST_ROLLOVER_LOW_FV_5"",""requirement_id"":""REQ-ROLLOVER-GATING"",""scenario"":""严格策略下FV回绕候选"",""state_before"":""ROLLOVER_PENDING"",""vector_type"":""BOUNDARY_OUT""}",PDU-E,严格策略下FV回绕候选,ROLLOVER_PENDING,BOUNDARY_OUT,AUTHENTICATED_POST_ROLLOVER_LOW_FV_5,efdf03275f0fea9f,REQ-ROLLOVER-GATING,MESSAGE:PDU-E|STATE:ROLLOVER_PENDING|PERTURBATION:AUTHENTICATED_POST_ROLLOVER_LOW_FV_5|REQUIREMENT:REQ-ROLLOVER-GATING,20301312,lowest VectorId retained as deterministic representative,derived_from_disclosed_candidate_vectors
V0122,EC-025,V0121,false,ede032a134a728ac21f255cdb58f7d5cc0249c558be58b6c32ab97876de74fd2,"{""config_hash"":""efdf03275f0fea9f"",""coverage_obligations"":""MESSAGE:PDU-E|STATE:ROLLOVER_PENDING|PERTURBATION:AUTHENTICATED_POST_ROLLOVER_LOW_FV_5|REQUIREMENT:REQ-ROLLOVER-GATING"",""message_alias"":""PDU-E"",""perturbation"":""AUTHENTICATED_POST_ROLLOVER_LOW_FV_5"",""requirement_id"":""REQ-ROLLOVER-GATING"",""scenario"":""严格策略下FV回绕候选"",""state_before"":""ROLLOVER_PENDING"",""vector_type"":""BOUNDARY_OUT""}",PDU-E,严格策略下FV回绕候选,ROLLOVER_PENDING,BOUNDARY_OUT,AUTHENTICATED_POST_ROLLOVER_LOW_FV_5,efdf03275f0fea9f,REQ-ROLLOVER-GATING,MESSAGE:PDU-E|STATE:ROLLOVER_PENDING|PERTURBATION:AUTHENTICATED_POST_ROLLOVER_LOW_FV_5|REQUIREMENT:REQ-ROLLOVER-GATING,20301313,same observable semantic signature as representative,derived_from_disclosed_candidate_vectors
V0123,EC-025,V0121,false,ede032a134a728ac21f255cdb58f7d5cc0249c558be58b6c32ab97876de74fd2,"{""config_hash"":""efdf03275f0fea9f"",""coverage_obligations"":""MESSAGE:PDU-E|STATE:ROLLOVER_PENDING|PERTURBATION:AUTHENTICATED_POST_ROLLOVER_LOW_FV_5|REQUIREMENT:REQ-ROLLOVER-GATING"",""message_alias"":""PDU-E"",""perturbation"":""AUTHENTICATED_POST_ROLLOVER_LOW_FV_5"",""requirement_id"":""REQ-ROLLOVER-GATING"",""scenario"":""严格策略下FV回绕候选"",""state_before"":""ROLLOVER_PENDING"",""vector_type"":""BOUNDARY_OUT""}",PDU-E,严格策略下FV回绕候选,ROLLOVER_PENDING,BOUNDARY_OUT,AUTHENTICATED_POST_ROLLOVER_LOW_FV_5,efdf03275f0fea9f,REQ-ROLLOVER-GATING,MESSAGE:PDU-E|STATE:ROLLOVER_PENDING|PERTURBATION:AUTHENTICATED_POST_ROLLOVER_LOW_FV_5|REQUIREMENT:REQ-ROLLOVER-GATING,20301314,same observable semantic signature as representative,derived_from_disclosed_candidate_vectors
V0124,EC-025,V0121,false,ede032a134a728ac21f255cdb58f7d5cc0249c558be58b6c32ab97876de74fd2,"{""config_hash"":""efdf03275f0fea9f"",""coverage_obligations"":""MESSAGE:PDU-E|STATE:ROLLOVER_PENDING|PERTURBATION:AUTHENTICATED_POST_ROLLOVER_LOW_FV_5|REQUIREMENT:REQ-ROLLOVER-GATING"",""message_alias"":""PDU-E"",""perturbation"":""AUTHENTICATED_POST_ROLLOVER_LOW_FV_5"",""requirement_id"":""REQ-ROLLOVER-GATING"",""scenario"":""严格策略下FV回绕候选"",""state_before"":""ROLLOVER_PENDING"",""vector_type"":""BOUNDARY_OUT""}",PDU-E,严格策略下FV回绕候选,ROLLOVER_PENDING,BOUNDARY_OUT,AUTHENTICATED_POST_ROLLOVER_LOW_FV_5,efdf03275f0fea9f,REQ-ROLLOVER-GATING,MESSAGE:PDU-E|STATE:ROLLOVER_PENDING|PERTURBATION:AUTHENTICATED_POST_ROLLOVER_LOW_FV_5|REQUIREMENT:REQ-ROLLOVER-GATING,20301315,same observable semantic signature as representative,derived_from_disclosed_candidate_vectors
V0125,EC-025,V0121,false,ede032a134a728ac21f255cdb58f7d5cc0249c558be58b6c32ab97876de74fd2,"{""config_hash"":""efdf03275f0fea9f"",""coverage_obligations"":""MESSAGE:PDU-E|STATE:ROLLOVER_PENDING|PERTURBATION:AUTHENTICATED_POST_ROLLOVER_LOW_FV_5|REQUIREMENT:REQ-ROLLOVER-GATING"",""message_alias"":""PDU-E"",""perturbation"":""AUTHENTICATED_POST_ROLLOVER_LOW_FV_5"",""requirement_id"":""REQ-ROLLOVER-GATING"",""scenario"":""严格策略下FV回绕候选"",""state_before"":""ROLLOVER_PENDING"",""vector_type"":""BOUNDARY_OUT""}",PDU-E,严格策略下FV回绕候选,ROLLOVER_PENDING,BOUNDARY_OUT,AUTHENTICATED_POST_ROLLOVER_LOW_FV_5,efdf03275f0fea9f,REQ-ROLLOVER-GATING,MESSAGE:PDU-E|STATE:ROLLOVER_PENDING|PERTURBATION:AUTHENTICATED_POST_ROLLOVER_LOW_FV_5|REQUIREMENT:REQ-ROLLOVER-GATING,20301316,same observable semantic signature as representative,derived_from_disclosed_candidate_vectors
