RunId,VectorId,Scenario,MessageAlias,Repeat,ConfigHash,InputSeed,PayloadSha256,WirePduSha256,StateBefore,VectorType,z_auth,z_fresh,d_app,a_resync,nu_state,Error,EvidenceCompleteness,Verdict,HostElapsedNs,ReceiverTauNs,DataOrigin
PYOBS-20260921T013915Z,1,合法基准通信,PDU-A,1,47c95dd4fc3ad73a,20260912,cdbcc03050cf9b81c6973a0d22c8523cc5ef1d5e2afe6072827a97819eff18f2,554ac55fbee992876bc7fb069463b0dc1fee26b32c042d991c5f01c21661606b,SYNC,VALID,PASS,PASS,1,NONE,UPDATED_AUTH,,COMPLETE,PASS,214002,206230,direct_python_execution
PYOBS-20260921T013915Z,2,合法基准通信,PDU-A,2,47c95dd4fc3ad73a,20260913,4b848352476fbe19fd43d2739f7c8d421c1b355609e485a23cc67334dd3afafe,84c41be28034ef3716673326a879499359bf4bc5a95c78de836ed33a57169441,SYNC,VALID,PASS,PASS,1,NONE,UPDATED_AUTH,,COMPLETE,PASS,186212,180885,direct_python_execution
PYOBS-20260921T013915Z,3,合法基准通信,PDU-A,3,47c95dd4fc3ad73a,20260914,18786d26c11e02d1d846a0cb416ae5b38e59825159f822a50ff337bd7a041661,32662a119ad567a8d2dfd6eecc9c2fc5bf7986017b6c6bb516b820b982828369,SYNC,VALID,PASS,PASS,1,NONE,UPDATED_AUTH,,COMPLETE,PASS,175477,172513,direct_python_execution
PYOBS-20260921T013915Z,4,合法基准通信,PDU-A,4,47c95dd4fc3ad73a,20260915,2ce4ea9bda335f621aaece5804ef7ed457667aa465ba718cbbe5127530d2ac9c,57669366d4b2b8ce7b93255ffb98a8ff6712a420093e8d9f9ee9114d22f325d3,SYNC,VALID,PASS,PASS,1,NONE,UPDATED_AUTH,,COMPLETE,PASS,180881,178408,direct_python_execution
PYOBS-20260921T013915Z,5,合法基准通信,PDU-A,5,47c95dd4fc3ad73a,20260916,383e924945e8e48a08218a98ffa5a615030bd893b0b108358ab0ad2d16813a7f,58148ef7191cb74131d3847b22850bec069368b9f425c5a4f21a9aac606a7327,SYNC,VALID,PASS,PASS,1,NONE,UPDATED_AUTH,,COMPLETE,PASS,212551,209724,direct_python_execution
PYOBS-20260921T013915Z,6,受认证区域内载荷篡改,PDU-A,1,47c95dd4fc3ad73a,20261012,dbfeae98d9376cb4e2aba0df2a1b4c632563b95f780f2016a84247f8b94e9d50,29e590851f8269052c93464f551ad6daccf386caa9e705ded1faf3c423a6f5f6,SYNC,TAMPER,FAIL,PASS,0,NONE,UNCHANGED,,COMPLETE,PASS,166595,164382,direct_python_execution
PYOBS-20260921T013915Z,7,受认证区域内载荷篡改,PDU-A,2,47c95dd4fc3ad73a,20261013,473abbf62fa4c720963c1b2703ce1d1cd7f2faa3560ff91823a41273fcb2596c,8473b3621101ad30843e930dc4072b997922b11f3d1492e3621dc1aaab14f893,SYNC,TAMPER,FAIL,PASS,0,NONE,UNCHANGED,,COMPLETE,PASS,162741,160550,direct_python_execution
PYOBS-20260921T013915Z,8,受认证区域内载荷篡改,PDU-A,3,47c95dd4fc3ad73a,20261014,5baac03d4ce740f4d3775785be34b4ce9ba09edfcc5276a6230630cb99079ff7,1c6dc7316d84ac14c36d685f297301566301ab3f517117afcf7b00d5b425183c,SYNC,TAMPER,FAIL,PASS,0,NONE,UNCHANGED,,COMPLETE,PASS,160792,158792,direct_python_execution
PYOBS-20260921T013915Z,9,受认证区域内载荷篡改,PDU-A,4,47c95dd4fc3ad73a,20261015,5d0ceefca5c4967bbd093cf588e4b373be33fe0d80f7f62df2bb34ff4b0a128f,1c8ee06620ec1a3e01bb788b1d1bd4db1599d45331b409f09d3e5c4fdd12c87a,SYNC,TAMPER,FAIL,PASS,0,NONE,UNCHANGED,,COMPLETE,PASS,155134,153030,direct_python_execution
PYOBS-20260921T013915Z,10,受认证区域内载荷篡改,PDU-A,5,47c95dd4fc3ad73a,20261016,f2336899f2c208c047981917baed7201dd78cfc56cecf41c601f0a0a68bb3ee8,f3f4a9dd978959cd4fa08f8f604fc2e26d9c56273be4a6bee9f533fc264f9465,SYNC,TAMPER,FAIL,PASS,0,NONE,UNCHANGED,,COMPLETE,PASS,184621,182259,direct_python_execution
PYOBS-20260921T013915Z,11,全零认证器伪造,PDU-A,1,47c95dd4fc3ad73a,20261112,7cad48ebafb08b1bafc8c2b24062c479ad490aa0743ce35ae0a8b2210dd0b1ac,5d374e8d0fec3e278c73ca98531bd642b7d76cdcd1d93ebc9392d9fb4616a812,SYNC,TAMPER,FAIL,PASS,0,NONE,UNCHANGED,,COMPLETE,PASS,150883,148875,direct_python_execution
PYOBS-20260921T013915Z,12,全零认证器伪造,PDU-A,2,47c95dd4fc3ad73a,20261113,ee4caec0498e15a6722428b290799c8064d14d9facf246ddd305611cb21eb590,10aa11923352b31cf8b506521a530f7f603504c724a73ff034f1df1353d8c807,SYNC,TAMPER,FAIL,PASS,0,NONE,UNCHANGED,,COMPLETE,PASS,160717,158308,direct_python_execution
PYOBS-20260921T013915Z,13,全零认证器伪造,PDU-A,3,47c95dd4fc3ad73a,20261114,bc355622a616f454e46a889e9e7b638901f0a8509f89416a2546f999184338c8,80a580dd8002d4fc8707c1adb1236a3b72138db10b61c7fe278c5f321905fa02,SYNC,TAMPER,FAIL,PASS,0,NONE,UNCHANGED,,COMPLETE,PASS,186308,184273,direct_python_execution
PYOBS-20260921T013915Z,14,全零认证器伪造,PDU-A,4,47c95dd4fc3ad73a,20261115,a629ff254bbc5c0b4209d36458a3ebcb88c177376e2aed582efff3ab98942caf,e56397c4bbf975b6f9b411fe5bbe4a16dfa841f7a772f1f103164cc4ca9a135f,SYNC,TAMPER,FAIL,PASS,0,NONE,UNCHANGED,,COMPLETE,PASS,150368,148547,direct_python_execution
PYOBS-20260921T013915Z,15,全零认证器伪造,PDU-A,5,47c95dd4fc3ad73a,20261116,52589adad097ed1198e460be9c9eaad07cb68d18725a83430c6e38117aaf7799,9d0b29eac67b58cbaa6b4df0d79d2f1aec06e67143a63083f2e5b1ef689019d8,SYNC,TAMPER,FAIL,PASS,0,NONE,UNCHANGED,,COMPLETE,PASS,158797,156774,direct_python_execution
PYOBS-20260921T013915Z,16,已接收报文重放,PDU-A,1,47c95dd4fc3ad73a,20261212,abfc77b970c66374ccf672f5a3522b60736e2d272b1691ea3f9c5304e800ade0,e65b9c318cd4e627ac0245f7645b0d43654533e12c0f2cf599b2f3d25a67c418,SYNC,REPLAY,PASS,FAIL,0,NONE,UNCHANGED,,COMPLETE,PASS,197659,195624,direct_python_execution
PYOBS-20260921T013915Z,17,已接收报文重放,PDU-A,2,47c95dd4fc3ad73a,20261213,970be2839ae5e21ddb38760f1bddabeb143c04914cd75b217621720f1e6961eb,013cc903c2b44b8d4fa8df0f4e05927b44c20e33b97e620c9f314f1873f632d6,SYNC,REPLAY,PASS,FAIL,0,NONE,UNCHANGED,,COMPLETE,PASS,155230,153429,direct_python_execution
PYOBS-20260921T013915Z,18,已接收报文重放,PDU-A,3,47c95dd4fc3ad73a,20261214,909366b0a04a2fcdb99e1d6a8a62246458811d1b2abe8fe272e920e8a29620af,e956eb116c0e5dbf8191b183a31e51b736a64d4c056b496bd677ba58a52b01eb,SYNC,REPLAY,PASS,FAIL,0,NONE,UNCHANGED,,COMPLETE,PASS,152901,151187,direct_python_execution
PYOBS-20260921T013915Z,19,已接收报文重放,PDU-A,4,47c95dd4fc3ad73a,20261215,f9937cffba19d31caa7392b8fb4353f0d5851a7874f6ca83f28a7d49bd82c60b,538402101fee99cee828e7592c4846a72253486da71477297d10219512e866d0,SYNC,REPLAY,PASS,FAIL,0,NONE,UNCHANGED,,COMPLETE,PASS,157597,155993,direct_python_execution
PYOBS-20260921T013915Z,20,已接收报文重放,PDU-A,5,47c95dd4fc3ad73a,20261216,937346f4e32fe324740191ca3e128be34a5a9d1291db441b283cd09cc7484b4b,30a111908f8cf4779d95386fa3c7f2075a37dd1b81d763f9bd6ca64129be471c,SYNC,REPLAY,PASS,FAIL,0,NONE,UNCHANGED,,COMPLETE,PASS,157908,156401,direct_python_execution
PYOBS-20260921T013915Z,21,严格策略下FV回绕候选,PDU-A,1,47c95dd4fc3ad73a,20261312,12b06868667bd192db00cd31ab2b32b4f8ff19407199206318070fa154c5c43f,e72be01f3fb22d4c2741d9c575ec320dda1257b9f65a6427dfef673692643284,ROLLOVER_PENDING,BOUNDARY_OUT,PASS,PASS,0,AUTHENTICATED,UPDATED_AUTH,,COMPLETE,PASS,180464,176848,direct_python_execution
PYOBS-20260921T013915Z,22,严格策略下FV回绕候选,PDU-A,2,47c95dd4fc3ad73a,20261313,f1c816bbc2d33729447a3ea41e2cc61bf2ba75648496878aa1082044423a09be,0bf3fd20703a5340e0e2707e6f1b6df86eb442b12e2ab2a95bcc179e5d2b5995,ROLLOVER_PENDING,BOUNDARY_OUT,PASS,PASS,0,AUTHENTICATED,UPDATED_AUTH,,COMPLETE,PASS,163781,160625,direct_python_execution
PYOBS-20260921T013915Z,23,严格策略下FV回绕候选,PDU-A,3,47c95dd4fc3ad73a,20261314,e6e0062ed6d4dd16c5a04e35bfa55e425a3c760d6a5f47d5b7a929f6ea5b0443,6240da96a7bec2b8eabe12a9fae55a8ea855c0403f2b411ad1a4813eac307900,ROLLOVER_PENDING,BOUNDARY_OUT,PASS,PASS,0,AUTHENTICATED,UPDATED_AUTH,,COMPLETE,PASS,149167,147113,direct_python_execution
PYOBS-20260921T013915Z,24,严格策略下FV回绕候选,PDU-A,4,47c95dd4fc3ad73a,20261315,b228300b88f5ed4186074e6db362eff0a5cb7aa0c85b62d79e373d8de2330eec,a55eeb78024e56b40ce01ebd2d5afc342ad22cd95fa11a335f0b65c4f899704f,ROLLOVER_PENDING,BOUNDARY_OUT,PASS,PASS,0,AUTHENTICATED,UPDATED_AUTH,,COMPLETE,PASS,275054,270728,direct_python_execution
PYOBS-20260921T013915Z,25,严格策略下FV回绕候选,PDU-A,5,47c95dd4fc3ad73a,20261316,acb2b1807a2ca20a78e38b54bfe0b992895a7848ca349c5d609dacaf701fb9f8,5e65a950b7cad0116afd47d82fb69a74d278a666ead24c866741038535046a23,ROLLOVER_PENDING,BOUNDARY_OUT,PASS,PASS,0,AUTHENTICATED,UPDATED_AUTH,,COMPLETE,PASS,178275,176289,direct_python_execution
PYOBS-20260921T013915Z,26,合法基准通信,PDU-B,1,9eed31c538ea306b,20270912,315fe241891636e685d8d92ae360950dc16d3c21109e9250e3c7d84540d97f54,05ea60c230113ac32f494606006b61ccbb787de936454eeaed6ad2c1082ede7f,SYNC,VALID,PASS,PASS,1,NONE,UPDATED_AUTH,,COMPLETE,PASS,119081,117277,direct_python_execution
PYOBS-20260921T013915Z,27,合法基准通信,PDU-B,2,9eed31c538ea306b,20270913,238fc28b3ebe3af95f4d3c1d2732448337ba18f3bd9eb92adb6e3d98726006f7,0d876f0e127f7e38146de5c5980118791ce0362fb0e92ae938948600bf97022b,SYNC,VALID,PASS,PASS,1,NONE,UPDATED_AUTH,,COMPLETE,PASS,118029,116189,direct_python_execution
PYOBS-20260921T013915Z,28,合法基准通信,PDU-B,3,9eed31c538ea306b,20270914,86af0efc219570c7c6f2020da2363de7cc0686df6e6efa0c35d88a0e349d7c9d,fb91f6b5ffa39ab27d63d462a0ce8e47abd1b9b7bca212c6d916839325b4dd9c,SYNC,VALID,PASS,PASS,1,NONE,UPDATED_AUTH,,COMPLETE,PASS,117350,115598,direct_python_execution
PYOBS-20260921T013915Z,29,合法基准通信,PDU-B,4,9eed31c538ea306b,20270915,3d0027f2012868d063603d5f2ef9dd20e0a1f4c0870adb1a2f6eac18d58ec137,ec29e6db0b57f5e385c38da78240ce3f36a4db24d3791e0a30f5ff48c397fabc,SYNC,VALID,PASS,PASS,1,NONE,UPDATED_AUTH,,COMPLETE,PASS,115191,113460,direct_python_execution
PYOBS-20260921T013915Z,30,合法基准通信,PDU-B,5,9eed31c538ea306b,20270916,1d43df92ebbfb42537fb94dba49f9a2ac758f9d72286a7da53a1fed5588775bd,783ddac5b814fb7630f90c7bbcaf59fb5339adb01842d94be01a008c09ac4562,SYNC,VALID,PASS,PASS,1,NONE,UPDATED_AUTH,,COMPLETE,PASS,140141,138072,direct_python_execution
PYOBS-20260921T013915Z,31,受认证区域内载荷篡改,PDU-B,1,9eed31c538ea306b,20271012,05289720db247985eb874fb9e389d4f5bf57cd6ccab4b6e34cc7fc17f2377bc3,01ecedcb1844050221fe36e18e9e82a3dcae7f29261f8ff8e1c99a12d80824f7,SYNC,TAMPER,FAIL,PASS,0,NONE,UNCHANGED,,COMPLETE,PASS,121432,119497,direct_python_execution
PYOBS-20260921T013915Z,32,受认证区域内载荷篡改,PDU-B,2,9eed31c538ea306b,20271013,a5a24f5ec32de56f8bb6415fda8f34c8bfea87b6d8386569053a8bcbc3e012d7,42a702a08ff933b278a7a7a3ad9e9bca356cfc3ef85d11ab611ff68336f1a54d,SYNC,TAMPER,FAIL,PASS,0,NONE,UNCHANGED,,COMPLETE,PASS,118351,116583,direct_python_execution
PYOBS-20260921T013915Z,33,受认证区域内载荷篡改,PDU-B,3,9eed31c538ea306b,20271014,debc29f2e6f96d0f6d83837f97d4374df8189f11f0f8d98f8213d767985011a9,8706406510519831a533e5a7e2b0263eb6a52c3fdc1bda06c328e834efbe5392,SYNC,TAMPER,FAIL,PASS,0,NONE,UNCHANGED,,COMPLETE,PASS,117294,115540,direct_python_execution
PYOBS-20260921T013915Z,34,受认证区域内载荷篡改,PDU-B,4,9eed31c538ea306b,20271015,19b6ccae6c6c345897e6eaf73045ca05feb536611c8238ff5255e4bec9b7e765,e3f1526df96a6e5d8b89dd61eaee31e6052ced104c4c56f3da070f2284d4d5d5,SYNC,TAMPER,FAIL,PASS,0,NONE,UNCHANGED,,COMPLETE,PASS,115909,114200,direct_python_execution
PYOBS-20260921T013915Z,35,受认证区域内载荷篡改,PDU-B,5,9eed31c538ea306b,20271016,5e18aa6b288b3c2869769e5feb8a87d5336fb865cb0e4364a4a470870aec0895,9733ff71599e66c0f5c2be9f6a2a70ce392dbdfb693c84ff47e08912fe3131c0,SYNC,TAMPER,FAIL,PASS,0,NONE,UNCHANGED,,COMPLETE,PASS,112198,110512,direct_python_execution
PYOBS-20260921T013915Z,36,全零认证器伪造,PDU-B,1,9eed31c538ea306b,20271112,00fef5d973a5b02b346cade76abe361455ae01cd8587461b3305698f378ef967,23041b96e6257e8900df608e848e33b0ed5fb624649d46228c96cb35419d0fee,SYNC,TAMPER,FAIL,PASS,0,NONE,UNCHANGED,,COMPLETE,PASS,107335,105654,direct_python_execution
PYOBS-20260921T013915Z,37,全零认证器伪造,PDU-B,2,9eed31c538ea306b,20271113,4b2d4ead0d7eaf5679287fe5481a3caf4c1eb957626c3f321bfdb2d9a656f012,0c4e7a32d07fc94ad939329592a43cd191cfbd0b1487da3078a9e9311f10f32c,SYNC,TAMPER,FAIL,PASS,0,NONE,UNCHANGED,,COMPLETE,PASS,183004,181003,direct_python_execution
PYOBS-20260921T013915Z,38,全零认证器伪造,PDU-B,3,9eed31c538ea306b,20271114,ddf89f93845a10fc972c4827b443f2c2251741d49c7e3199da4cd2877c82df20,fa2fbf406b7178d9333877ebf49a024a4543ab809740fe327296b281b4f2fb39,SYNC,TAMPER,FAIL,PASS,0,NONE,UNCHANGED,,COMPLETE,PASS,114756,112998,direct_python_execution
PYOBS-20260921T013915Z,39,全零认证器伪造,PDU-B,4,9eed31c538ea306b,20271115,527d3f4e13021077f455f341830c60ab53ca4420ab77c8f836685add59b7ba26,f8c1ba269620bc1ddc9e2c3ffc6653c86ea837c54961b0898c999b34a886c5a6,SYNC,TAMPER,FAIL,PASS,0,NONE,UNCHANGED,,COMPLETE,PASS,114855,113223,direct_python_execution
PYOBS-20260921T013915Z,40,全零认证器伪造,PDU-B,5,9eed31c538ea306b,20271116,2847761d0d5941dcfaaabb719d984256a7e19a5e33af3ab3fc5d1c8efa530d96,e5c2abba3dd206047581fc43f4094cac0cce480bb251e4acfcc3eb8b389f33ac,SYNC,TAMPER,FAIL,PASS,0,NONE,UNCHANGED,,COMPLETE,PASS,137375,135553,direct_python_execution
PYOBS-20260921T013915Z,41,已接收报文重放,PDU-B,1,9eed31c538ea306b,20271212,eceaa446cd11ac3bbe41dcd5e54190861960086d3406343fa1ef7aeb228a2c4c,090e6fa4716c2081a63af581a1ab655bd34b6a0884b93ba088b3ef7e5ee7b845,SYNC,REPLAY,PASS,FAIL,0,NONE,UNCHANGED,,COMPLETE,PASS,113568,112104,direct_python_execution
PYOBS-20260921T013915Z,42,已接收报文重放,PDU-B,2,9eed31c538ea306b,20271213,e72562c401db8ddabdddf081d8f840d50e4cd25eb9dcfe32f0c56a05229d1d0f,44ef33475f4f9c433bdc7d96e8110048236732b03263b546564e129442ca9d52,SYNC,REPLAY,PASS,FAIL,0,NONE,UNCHANGED,,COMPLETE,PASS,115911,114469,direct_python_execution
PYOBS-20260921T013915Z,43,已接收报文重放,PDU-B,3,9eed31c538ea306b,20271214,f74418602d5c95308c3e21a2ede86368ee9c8420faf6c2a068728ff753cc6924,0f0cab31cb442794b28529a4edd5e2f7d7bce7bed05023a55dd9701b1b02aa7a,SYNC,REPLAY,PASS,FAIL,0,NONE,UNCHANGED,,COMPLETE,PASS,117596,116051,direct_python_execution
PYOBS-20260921T013915Z,44,已接收报文重放,PDU-B,4,9eed31c538ea306b,20271215,d3e7093c3a2d8e18d051400a500571981f195b69a36acbc7054c4b0eef9403a0,49f1af850987e122e4703c309c90c8744db9ba3d50c0a035a1a786ddd6659212,SYNC,REPLAY,PASS,FAIL,0,NONE,UNCHANGED,,COMPLETE,PASS,116211,114467,direct_python_execution
PYOBS-20260921T013915Z,45,已接收报文重放,PDU-B,5,9eed31c538ea306b,20271216,f7086a5e41e3c77d67bc0c1d47f56ab5e9e8dc83ae7724f90e9dc40f1ac963b3,40ff2f51f1f1563e32f126e318fdccb43b75023f79a8995eee21db5506babb14,SYNC,REPLAY,PASS,FAIL,0,NONE,UNCHANGED,,COMPLETE,PASS,179038,176822,direct_python_execution
PYOBS-20260921T013915Z,46,严格策略下FV回绕候选,PDU-B,1,9eed31c538ea306b,20271312,a678e28575bcfb97bfb2112be8e31d84f0f7f9632c45e48dc0fdaa61d1fe5f74,d5bcce2878c9aa884ab9e8b8afb4231ab1f5f76232011008c2383e4dbfa6589c,ROLLOVER_PENDING,BOUNDARY_OUT,PASS,PASS,0,AUTHENTICATED,UPDATED_AUTH,,COMPLETE,PASS,122595,120627,direct_python_execution
PYOBS-20260921T013915Z,47,严格策略下FV回绕候选,PDU-B,2,9eed31c538ea306b,20271313,d571c1a441ff1cb217ba4c6b122556d2f5f60fc0dd0fbbe2d82f11e25a744939,0f7a560a8875617678bf4917b992427e5d469e1d6bd6cefe7a379d398ec12fc8,ROLLOVER_PENDING,BOUNDARY_OUT,PASS,PASS,0,AUTHENTICATED,UPDATED_AUTH,,COMPLETE,PASS,119445,117464,direct_python_execution
PYOBS-20260921T013915Z,48,严格策略下FV回绕候选,PDU-B,3,9eed31c538ea306b,20271314,bde25c13d23d3367adeb22c4cdb137d762d3b3f4f5d7a1752c8a335b82340011,0b6c9ee0004d53e97e375bf67d349a2b307eeec0f9894b5dcd5adc46ffc73438,ROLLOVER_PENDING,BOUNDARY_OUT,PASS,PASS,0,AUTHENTICATED,UPDATED_AUTH,,COMPLETE,PASS,120152,117664,direct_python_execution
PYOBS-20260921T013915Z,49,严格策略下FV回绕候选,PDU-B,4,9eed31c538ea306b,20271315,0ce0afc52513fa803986a1d1f8440fcea5847c6c42efe1c95b213aad891ca822,e324cf017c195f74ea65aacf85904cfa70ae1406a4ac77e94ff8c2c8ca971126,ROLLOVER_PENDING,BOUNDARY_OUT,PASS,PASS,0,AUTHENTICATED,UPDATED_AUTH,,COMPLETE,PASS,114053,111981,direct_python_execution
PYOBS-20260921T013915Z,50,严格策略下FV回绕候选,PDU-B,5,9eed31c538ea306b,20271316,2296e7dcd5eff3313ed11a1e30ca1ded71ef413656425804c274edea09b8c627,30056b2facf91a3545c49ffd29607bee3882baaca9dd3ec3ee2b3679f5f37935,ROLLOVER_PENDING,BOUNDARY_OUT,PASS,PASS,0,AUTHENTICATED,UPDATED_AUTH,,COMPLETE,PASS,112791,110825,direct_python_execution
PYOBS-20260921T013915Z,51,合法基准通信,PDU-C,1,c1d55f69700cfe26,20280912,04c903b69150df7f7a6caec5dddb894d8ce25c73f37e1d7c3ed20525c8e4df41,2a6c01d8dbf58f80be21f5d8347f47f44990450c5e61242446c4dca22bad4cde,SYNC,VALID,PASS,PASS,1,NONE,UPDATED_AUTH,,COMPLETE,PASS,146913,145211,direct_python_execution
PYOBS-20260921T013915Z,52,合法基准通信,PDU-C,2,c1d55f69700cfe26,20280913,d80a0f97d7e8bfe3a63e63d5d1b4d3f1cf7921d3ffef6f6eea9f67634de19e98,a28385ef951af70cd437ba9f380caf4edf0e9ecce3cd18d09b605c641dc666ff,SYNC,VALID,PASS,PASS,1,NONE,UPDATED_AUTH,,COMPLETE,PASS,154149,152267,direct_python_execution
PYOBS-20260921T013915Z,53,合法基准通信,PDU-C,3,c1d55f69700cfe26,20280914,f5cba948e33f97bd5fae52d1283ee892514a9281e2cdb97493fcf41629b9fac6,5df5360c343a81fd28ee60fc1dff75c61c029fec66098bc8b7778319294b8d85,SYNC,VALID,PASS,PASS,1,NONE,UPDATED_AUTH,,COMPLETE,PASS,152664,150910,direct_python_execution
PYOBS-20260921T013915Z,54,合法基准通信,PDU-C,4,c1d55f69700cfe26,20280915,17de02f74182c47810f40ea10dd7a62e73e1eb2d75e9b8e715d6d0b40b5da12a,83f8c0ee861f56012309080702efcad816013b7b7ab1060788e7da83542b71f3,SYNC,VALID,PASS,PASS,1,NONE,UPDATED_AUTH,,COMPLETE,PASS,153182,151580,direct_python_execution
PYOBS-20260921T013915Z,55,合法基准通信,PDU-C,5,c1d55f69700cfe26,20280916,0d4983f125e42fe6cfb03817ffd512a77f827399ef05b1f877bb0c9be991d2e4,f89cf41b4f63bbe7a2c4b64be643cc43e61fb8ddb82690dc2bde001d57dcf0b9,SYNC,VALID,PASS,PASS,1,NONE,UPDATED_AUTH,,COMPLETE,PASS,153840,152077,direct_python_execution
PYOBS-20260921T013915Z,56,受认证区域内载荷篡改,PDU-C,1,c1d55f69700cfe26,20281012,f42b1dfdad85c5ace92a899d3c86650bf3b68925458a97531d90642951ee7dea,3ba9ed111ef1ba39d272a67f235b7ee4d78c3f83f97f9bdae1e7594cbc184620,SYNC,TAMPER,FAIL,PASS,0,NONE,UNCHANGED,,COMPLETE,PASS,186189,184209,direct_python_execution
PYOBS-20260921T013915Z,57,受认证区域内载荷篡改,PDU-C,2,c1d55f69700cfe26,20281013,7d421a48ebcade01edac6d40ffe5c814f722f590edf6b6a1dbe271e09b639072,91121310f756a24563525cca2e9cffca102de8958771615b4bef6302aa5432ea,SYNC,TAMPER,FAIL,PASS,0,NONE,UNCHANGED,,COMPLETE,PASS,154325,152587,direct_python_execution
PYOBS-20260921T013915Z,58,受认证区域内载荷篡改,PDU-C,3,c1d55f69700cfe26,20281014,8453cee2547188b20ba00fecfa09b5c9451afa905c9ee43bd38f4add6d7fd0ca,45278d2204e05430f47f912712a1ef9f9bf4f4e9269bb2372b7b4757bf199d3f,SYNC,TAMPER,FAIL,PASS,0,NONE,UNCHANGED,,COMPLETE,PASS,159820,158048,direct_python_execution
PYOBS-20260921T013915Z,59,受认证区域内载荷篡改,PDU-C,4,c1d55f69700cfe26,20281015,b3b75bddec30c55365c161b61d75028de6cf23e722aa64ad90dc2e7a3fce2ad6,ee45551e655b17457ec0be012cfd0147497a8ee1b02235fde0e16382990f7071,SYNC,TAMPER,FAIL,PASS,0,NONE,UNCHANGED,,COMPLETE,PASS,165562,163709,direct_python_execution
PYOBS-20260921T013915Z,60,受认证区域内载荷篡改,PDU-C,5,c1d55f69700cfe26,20281016,0a7445549c3609f2a26f02180856c657476579a7f829eef35569d13e49b11fc1,46209aa3f6361061efc3a6745dd8fb016612d3a9617beaa393f6bf3d1b095496,SYNC,TAMPER,FAIL,PASS,0,NONE,UNCHANGED,,COMPLETE,PASS,215799,213694,direct_python_execution
PYOBS-20260921T013915Z,61,全零认证器伪造,PDU-C,1,c1d55f69700cfe26,20281112,117c08d73cb69e0203bf801ffe4503b7b8c332210fa24ff3bc1b913d429a1377,010411a5989d77ec2ec602bd4de6c50d9fd960aaa217634fff2fba7b9ff892e6,SYNC,TAMPER,FAIL,PASS,0,NONE,UNCHANGED,,COMPLETE,PASS,156215,154372,direct_python_execution
PYOBS-20260921T013915Z,62,全零认证器伪造,PDU-C,2,c1d55f69700cfe26,20281113,7cf6c473756b79145415f75ae11d9ea1d745d915eb2a650099e3875635c92107,f5aef09f03e8129d13610eb8d38dbd1a6b373236cf61203a98b292dde6e963bb,SYNC,TAMPER,FAIL,PASS,0,NONE,UNCHANGED,,COMPLETE,PASS,161681,159863,direct_python_execution
PYOBS-20260921T013915Z,63,全零认证器伪造,PDU-C,3,c1d55f69700cfe26,20281114,bd38d3c3543a188c485e9049478454245fe630e1ef4c0dfd542e1e69cfd4a775,b3a8f790cb78986ef9598b680abbb2de823051ff1a8a5671570feee8a9256dcb,SYNC,TAMPER,FAIL,PASS,0,NONE,UNCHANGED,,COMPLETE,PASS,161256,159528,direct_python_execution
PYOBS-20260921T013915Z,64,全零认证器伪造,PDU-C,4,c1d55f69700cfe26,20281115,599d06e24530a07299ebbee336a36f8723edb436efcd2c2fbb8922765ccb834e,58a60d2c34ac40394ec6d4a97cbdaf497d39394bdc527b3b0ea97976bf2909af,SYNC,TAMPER,FAIL,PASS,0,NONE,UNCHANGED,,COMPLETE,PASS,159308,157530,direct_python_execution
PYOBS-20260921T013915Z,65,全零认证器伪造,PDU-C,5,c1d55f69700cfe26,20281116,7eaba4515f4851607daf481b65f75f80a61ed949556b6d954041d7c6be9b2960,6137f7c40e55b0def2ed69171add8eda954a99de119741b6348ece296ccb0e7c,SYNC,TAMPER,FAIL,PASS,0,NONE,UNCHANGED,,COMPLETE,PASS,199328,192129,direct_python_execution
PYOBS-20260921T013915Z,66,已接收报文重放,PDU-C,1,c1d55f69700cfe26,20281212,82ed2bf20a8438dc9e9e524d74cf7301d9c7220c7975088286deac90adac261f,7bcfd546f04d00dc4895843cb278b04a3b5b8238f0bb4a3eaf2643d45437393e,SYNC,REPLAY,PASS,FAIL,0,NONE,UNCHANGED,,COMPLETE,PASS,179355,176821,direct_python_execution
PYOBS-20260921T013915Z,67,已接收报文重放,PDU-C,2,c1d55f69700cfe26,20281213,a10d4bc6e8a21543150731eeb790bdf89c3c8e87dc488ab232f2390edbe0cc9f,3ff287030f6f2a9c0200d80546287f3772bb4647f578afeeecfb71bfddf3376b,SYNC,REPLAY,PASS,FAIL,0,NONE,UNCHANGED,,COMPLETE,PASS,390118,382978,direct_python_execution
PYOBS-20260921T013915Z,68,已接收报文重放,PDU-C,3,c1d55f69700cfe26,20281214,938ad25e491bd2a16669f8ac8d727f099548d5d210c03230d1b99bf606a76ee7,c11bbad32edf417edf02aee34c7093b81e2a149d9c6549e48cdde425a081441c,SYNC,REPLAY,PASS,FAIL,0,NONE,UNCHANGED,,COMPLETE,PASS,174856,172095,direct_python_execution
PYOBS-20260921T013915Z,69,已接收报文重放,PDU-C,4,c1d55f69700cfe26,20281215,0b042c792dae3b079cdb10c57297ed073809f383eb116e015274f60b621fd359,a13793bc6c897a7c8ec94088c3d9ba43df63d5e8bc07a8cd8f742a746e9f3a55,SYNC,REPLAY,PASS,FAIL,0,NONE,UNCHANGED,,COMPLETE,PASS,186622,183391,direct_python_execution
PYOBS-20260921T013915Z,70,已接收报文重放,PDU-C,5,c1d55f69700cfe26,20281216,aa07cdca1983cd99952064e0b745d517c96f84c4b87b1e2f1ead25f73c47c1b0,f5af9bbe4a6e7a8e6bdae108793bdd9217e16167d546720e9557557456dfcdb6,SYNC,REPLAY,PASS,FAIL,0,NONE,UNCHANGED,,COMPLETE,PASS,188055,185375,direct_python_execution
PYOBS-20260921T013915Z,71,严格策略下FV回绕候选,PDU-C,1,c1d55f69700cfe26,20281312,7e13b21ba5a61faf5d3f19e21f977df31ed1a3e677cc4fd3bdf4e42e23f77100,0e3589e7328ccc576885e7616e3879de100b1cba44f9c0e922882d621460a76f,ROLLOVER_PENDING,BOUNDARY_OUT,PASS,PASS,0,AUTHENTICATED,UPDATED_AUTH,,COMPLETE,PASS,178369,175377,direct_python_execution
PYOBS-20260921T013915Z,72,严格策略下FV回绕候选,PDU-C,2,c1d55f69700cfe26,20281313,7a56a094c633f5957f70c16ddbc2b61eb78d0a1ae16140edefdd246f8419fb89,9d63dd5205f9b85383421ea9c4e21a57d233c5b0f720651dee341341621e8d88,ROLLOVER_PENDING,BOUNDARY_OUT,PASS,PASS,0,AUTHENTICATED,UPDATED_AUTH,,COMPLETE,PASS,203018,200157,direct_python_execution
PYOBS-20260921T013915Z,73,严格策略下FV回绕候选,PDU-C,3,c1d55f69700cfe26,20281314,58ece9e5344a17936c9cb363d008327402f2b8bfa687bd9e3f6d017184dcc5f8,c019bf4c8499b6622fb825afea9156ce5162782d672c85150e0ef21b65fd606a,ROLLOVER_PENDING,BOUNDARY_OUT,PASS,PASS,0,AUTHENTICATED,UPDATED_AUTH,,COMPLETE,PASS,161208,158775,direct_python_execution
PYOBS-20260921T013915Z,74,严格策略下FV回绕候选,PDU-C,4,c1d55f69700cfe26,20281315,442f7883273800311c98cb10e562db319f3684b46ec0f8d81c1fda81ed4aacfe,e333ab10cdce854c894de83da8d1a62bdf8bc382024d3137482ae5fbfecd0f55,ROLLOVER_PENDING,BOUNDARY_OUT,PASS,PASS,0,AUTHENTICATED,UPDATED_AUTH,,COMPLETE,PASS,247380,244872,direct_python_execution
PYOBS-20260921T013915Z,75,严格策略下FV回绕候选,PDU-C,5,c1d55f69700cfe26,20281316,8f5bb1cdb8ea9bc8aed5a61c655bcc684d87ece19c81656519c6be0c0a120039,132ab749d4b5d186a06dbf363349fe966e2bcb5f8996efb6bc14af77a16aaf53,ROLLOVER_PENDING,BOUNDARY_OUT,PASS,PASS,0,AUTHENTICATED,UPDATED_AUTH,,COMPLETE,PASS,154488,152615,direct_python_execution
PYOBS-20260921T013915Z,76,合法基准通信,PDU-D,1,05919015c131d651,20290912,e9decfa92c59304df76484ccbc28590760769deb342ff736b05d658e01deb0e5,e40c0b7b6982c07163a924cb8d2c251fc1ad569683b08fba30e8fd16db7b001a,SYNC,VALID,PASS,PASS,1,NONE,UPDATED_AUTH,,COMPLETE,PASS,121594,119282,direct_python_execution
PYOBS-20260921T013915Z,77,合法基准通信,PDU-D,2,05919015c131d651,20290913,bad2958e1822dd2078ce8f3b82b01e296aca19fadc612635dbc26cef59ab1b8d,57dd36c33050ea615369e04bb37678910fba9203977659e74c32dd34f64b7e11,SYNC,VALID,PASS,PASS,1,NONE,UPDATED_AUTH,,COMPLETE,PASS,137960,135364,direct_python_execution
PYOBS-20260921T013915Z,78,合法基准通信,PDU-D,3,05919015c131d651,20290914,bc2cc91bd02d160993e378a659b8210f939083c67b69d2db7e1f28f11ef40a4d,441cd3fb33e6e3dbd0182f4a53893510adba47e46d31b0976fc307dbdc202b8b,SYNC,VALID,PASS,PASS,1,NONE,UPDATED_AUTH,,COMPLETE,PASS,122587,120538,direct_python_execution
PYOBS-20260921T013915Z,79,合法基准通信,PDU-D,4,05919015c131d651,20290915,62132d1d6b12735b8a9449d3e4a496b8494fa64b12e226abe0505937fa7828e1,68da1e2eb2a439474b8a7498c58599114dc4792cd36fbf160e34a863ce717268,SYNC,VALID,PASS,PASS,1,NONE,UPDATED_AUTH,,COMPLETE,PASS,125441,123440,direct_python_execution
PYOBS-20260921T013915Z,80,合法基准通信,PDU-D,5,05919015c131d651,20290916,458d88fe18080ad2403f9ac64ff798e5251d526c9e0653b0cd73f6bc15f56fc6,0564d7b9d132cb4706f2fec47913f3503b79fdd8ea7db013fffaf7aa0bbd29a2,SYNC,VALID,PASS,PASS,1,NONE,UPDATED_AUTH,,COMPLETE,PASS,119364,117390,direct_python_execution
PYOBS-20260921T013915Z,81,受认证区域内载荷篡改,PDU-D,1,05919015c131d651,20291012,082de6a4dba31a3768c2264e5401c5470e5f0757487ef85b6fa95b64a89603f7,3a27d51253984424286c0b19505962fcb875485e4be9e3346633d0712c50823b,SYNC,TAMPER,FAIL,PASS,0,NONE,UNCHANGED,,COMPLETE,PASS,123198,121006,direct_python_execution
PYOBS-20260921T013915Z,82,受认证区域内载荷篡改,PDU-D,2,05919015c131d651,20291013,a7d40b1a1e56811eb3e1a0985c001c361d7d2b36a1dfad209f10ac514ab72206,188129499f88545047efb801bfe85f64ca52955cc468b85abf7e3cd080f62454,SYNC,TAMPER,FAIL,PASS,0,NONE,UNCHANGED,,COMPLETE,PASS,119055,117186,direct_python_execution
PYOBS-20260921T013915Z,83,受认证区域内载荷篡改,PDU-D,3,05919015c131d651,20291014,1848ba6f8480c92662e46bdd0e9aa2759b95e0e2e706286dcf3f4d79374f7c3a,c88f495516e101f49e9577be1cfbbeb57f9d92361a5da258185d04b38ebcf458,SYNC,TAMPER,FAIL,PASS,0,NONE,UNCHANGED,,COMPLETE,PASS,119319,117578,direct_python_execution
PYOBS-20260921T013915Z,84,受认证区域内载荷篡改,PDU-D,4,05919015c131d651,20291015,866d5b7e94150fe744da4ed57ea1b3076ab55566ddd894e4fff580aa0e6bf56e,c101fb42f73fea593257968b07a89df40740fd3ff22e37d9eee045406cfc9898,SYNC,TAMPER,FAIL,PASS,0,NONE,UNCHANGED,,COMPLETE,PASS,162196,160092,direct_python_execution
PYOBS-20260921T013915Z,85,受认证区域内载荷篡改,PDU-D,5,05919015c131d651,20291016,336d28905aa91b50ba1350aacd9cabb5d6d025047d60080c9b045846c607df94,385caf7a4efaa0542a8818a9f99396e4f9c098bc02d969a15c93b48141afa294,SYNC,TAMPER,FAIL,PASS,0,NONE,UNCHANGED,,COMPLETE,PASS,135979,133869,direct_python_execution
PYOBS-20260921T013915Z,86,全零认证器伪造,PDU-D,1,05919015c131d651,20291112,6ef49d52877597ea7f8c4c1c6b17c2869682f65b57abfb90c67b034f98e829fd,dfacfe2d5561c6db496f864b0a494b1ad4a5860027441461ab242997ea53795a,SYNC,TAMPER,FAIL,PASS,0,NONE,UNCHANGED,,COMPLETE,PASS,152304,149274,direct_python_execution
PYOBS-20260921T013915Z,87,全零认证器伪造,PDU-D,2,05919015c131d651,20291113,4f7bc7984d128b09fc81daaaac44ceecf4c196bfd78b18abe816c400aaf13100,a3ca4b592edd69fbc79f914d3af31c6b1cfec56b3f3fd4014473577ea7c13e5b,SYNC,TAMPER,FAIL,PASS,0,NONE,UNCHANGED,,COMPLETE,PASS,140078,137844,direct_python_execution
PYOBS-20260921T013915Z,88,全零认证器伪造,PDU-D,3,05919015c131d651,20291114,752d6b8543b570f98b481b1bb6c46a4f986abcdba9dff8bfddbc845f1f69d912,52a1bbad73c1ae211a2f319a20d85a63d46f0ac97ed017a79de6546935db7658,SYNC,TAMPER,FAIL,PASS,0,NONE,UNCHANGED,,COMPLETE,PASS,116876,114904,direct_python_execution
PYOBS-20260921T013915Z,89,全零认证器伪造,PDU-D,4,05919015c131d651,20291115,1e942cd22c4e0b1d4ee8e43064c707a9571ac548bf09e58a53b5424577a2358f,9727039ad497bcef5737fab168a5e3f1ce4a225cfdcd87dc6475f9befec48b57,SYNC,TAMPER,FAIL,PASS,0,NONE,UNCHANGED,,COMPLETE,PASS,118928,117109,direct_python_execution
PYOBS-20260921T013915Z,90,全零认证器伪造,PDU-D,5,05919015c131d651,20291116,50bb29e94c2f9871ff315fb0349ffb244b4ed6c6a0eb7a0c7c65a9d69385f8b2,bdfa40bdf0dbe3120d3a4457e58d1cf207b1e7b072ee5d95dd66ac882a66590a,SYNC,TAMPER,FAIL,PASS,0,NONE,UNCHANGED,,COMPLETE,PASS,117653,115694,direct_python_execution
PYOBS-20260921T013915Z,91,已接收报文重放,PDU-D,1,05919015c131d651,20291212,5ffd7fce28c689459d259ab80d996449830e5746a5fb3bc164ad4111bd0ca02c,d2c4b5b43ec9df09da744926058106bc9f122e111c36aed8bd4bf09318e64b96,SYNC,REPLAY,PASS,FAIL,0,NONE,UNCHANGED,,COMPLETE,PASS,123115,121116,direct_python_execution
PYOBS-20260921T013915Z,92,已接收报文重放,PDU-D,2,05919015c131d651,20291213,18d179f9a26a73e064df560675cededf638522185bfccc67f542463bc3af8ff4,755c341ea5de1ba40c1ca216f89ba07c7df457e5785e2607a49896702641fa02,SYNC,REPLAY,PASS,FAIL,0,NONE,UNCHANGED,,COMPLETE,PASS,119775,118119,direct_python_execution
PYOBS-20260921T013915Z,93,已接收报文重放,PDU-D,3,05919015c131d651,20291214,1d4ef99b5917d91a39a99bffc4737de2c64ce77142b3c2535cfe78d26d3f38ce,6ac99ed2f22874548922375f243e6643da00353fcfd2b11a0b43f7bdeead1447,SYNC,REPLAY,PASS,FAIL,0,NONE,UNCHANGED,,COMPLETE,PASS,119402,117748,direct_python_execution
PYOBS-20260921T013915Z,94,已接收报文重放,PDU-D,4,05919015c131d651,20291215,7a953aed5b98c602f84e18809a2c9c4f6fd3d7e9f4ea485adc636ba640676c68,ab3e22db95cb12f3aa9acb200710ce03749cb86c9ac1a94fc9221f9910a9f978,SYNC,REPLAY,PASS,FAIL,0,NONE,UNCHANGED,,COMPLETE,PASS,114639,113051,direct_python_execution
PYOBS-20260921T013915Z,95,已接收报文重放,PDU-D,5,05919015c131d651,20291216,8182b5e2d9367d30ba78bb8317d49077168977586579ac8cab38181aea85a9d8,5bf28a0bf729d436b7b6054aa668d3927445f5d93e0722e938524a0945c29e4c,SYNC,REPLAY,PASS,FAIL,0,NONE,UNCHANGED,,COMPLETE,PASS,148225,146508,direct_python_execution
PYOBS-20260921T013915Z,96,严格策略下FV回绕候选,PDU-D,1,05919015c131d651,20291312,415580f7be9377d18c47d0aee8c5e2f7c23a116546d3145b98bfdb8721bf355a,d8ce14ed456f4d815666ad82b098cc5d109820bcc850fe8d70cc28af5633cd68,ROLLOVER_PENDING,BOUNDARY_OUT,PASS,PASS,0,AUTHENTICATED,UPDATED_AUTH,,COMPLETE,PASS,120022,118098,direct_python_execution
PYOBS-20260921T013915Z,97,严格策略下FV回绕候选,PDU-D,2,05919015c131d651,20291313,8d84bca315ef3ce744bb9125448e11ce4a391ab39920eea8d6cd6c39549dc281,2649f684d2fa5f9a20dd715e38693740cf207bdad340fc3e45dce0cad0c44993,ROLLOVER_PENDING,BOUNDARY_OUT,PASS,PASS,0,AUTHENTICATED,UPDATED_AUTH,,COMPLETE,PASS,120326,118357,direct_python_execution
PYOBS-20260921T013915Z,98,严格策略下FV回绕候选,PDU-D,3,05919015c131d651,20291314,6de91dbe340a33f0e48b8e490d3e7f2fb0aeeaea68cb07089fb32360ede1628a,da0f4664cc9cc2e21e899b72434846d7b64077cbfd9d5a77313dfc8c0e8f13db,ROLLOVER_PENDING,BOUNDARY_OUT,PASS,PASS,0,AUTHENTICATED,UPDATED_AUTH,,COMPLETE,PASS,132860,130211,direct_python_execution
PYOBS-20260921T013915Z,99,严格策略下FV回绕候选,PDU-D,4,05919015c131d651,20291315,7ad90da0ed6bfdac0834dc2472d7eb7669dfdb693336fdcb9260b397a4d0a573,df5b2bd55f41c938bb9131f6c4404190e39192d80fb5a3ada37ad1c171f6d69e,ROLLOVER_PENDING,BOUNDARY_OUT,PASS,PASS,0,AUTHENTICATED,UPDATED_AUTH,,COMPLETE,PASS,142597,140554,direct_python_execution
PYOBS-20260921T013915Z,100,严格策略下FV回绕候选,PDU-D,5,05919015c131d651,20291316,35944b19829df61dd89464518b9cbfdff8703b6e5e0821d9d09eb5e75930be50,91b50979acde18c2e6bb24d82513a96c6b89b096a27e7cd404cb1ce464084dd3,ROLLOVER_PENDING,BOUNDARY_OUT,PASS,PASS,0,AUTHENTICATED,UPDATED_AUTH,,COMPLETE,PASS,114687,112800,direct_python_execution
PYOBS-20260921T013915Z,101,合法基准通信,PDU-E,1,efdf03275f0fea9f,20300912,85a12d37c719a47323fc9a11be640f97e7de6d69b058cf2e2623cdfcb988b013,5719cf147eb54b9e61e759324e601c9301c72257f1c4068c055f610c5fe49185,SYNC,VALID,PASS,PASS,1,NONE,UPDATED_AUTH,,COMPLETE,PASS,154009,151442,direct_python_execution
PYOBS-20260921T013915Z,102,合法基准通信,PDU-E,2,efdf03275f0fea9f,20300913,d152983f4adbbad6c57a603c043a7e6546af99d8562525c45c7abd73e9544473,dfb1c90f16cf38486ff19850321a52ab354bf90c95284007284441f305c63560,SYNC,VALID,PASS,PASS,1,NONE,UPDATED_AUTH,,COMPLETE,PASS,194228,187332,direct_python_execution
PYOBS-20260921T013915Z,103,合法基准通信,PDU-E,3,efdf03275f0fea9f,20300914,926b6018fc80cf95eb14fe50786a54ea2600fe87021cfd1c6e9648a0bc603635,0ee4bd61ac6694125ecf47fe3c018051a796d2d921285dda3afc176ee8fec8fd,SYNC,VALID,PASS,PASS,1,NONE,UPDATED_AUTH,,COMPLETE,PASS,202700,199273,direct_python_execution
PYOBS-20260921T013915Z,104,合法基准通信,PDU-E,4,efdf03275f0fea9f,20300915,d61ca4dff8daf87b26934597851944d1094a88731f5010c1ce7e8ba3b7864f0b,657286e50e5766e31034a2bd8362bf0566d22d8cff145c51383c667140257574,SYNC,VALID,PASS,PASS,1,NONE,UPDATED_AUTH,,COMPLETE,PASS,175168,171660,direct_python_execution
PYOBS-20260921T013915Z,105,合法基准通信,PDU-E,5,efdf03275f0fea9f,20300916,93f941fbd2353dede4fdf9f6059405ea70cb6bcf892687c2832ddecf6f526f2e,acb585cd4fb1696a57bc7d78f81b141d2381f469133e144db88fd6ad38bc1f36,SYNC,VALID,PASS,PASS,1,NONE,UPDATED_AUTH,,COMPLETE,PASS,178715,175068,direct_python_execution
PYOBS-20260921T013915Z,106,受认证区域内载荷篡改,PDU-E,1,efdf03275f0fea9f,20301012,3e51c4612f546f29632f78cce0f7fe927e61969ccc8a1864ec25c156dc1d76ab,2b6f3a4a37b14549f7bb959d71ac0494ef2ee210abe097eded72ca88cab08211,SYNC,TAMPER,FAIL,PASS,0,NONE,UNCHANGED,,COMPLETE,PASS,181347,177452,direct_python_execution
PYOBS-20260921T013915Z,107,受认证区域内载荷篡改,PDU-E,2,efdf03275f0fea9f,20301013,cd43aa6565f1ef064329722823ec13b072c61eb09b4cf0cee68ec55dc88f9fc6,a4b27a6dae95926611e02bdf0d12cb646ae8de0dcb0684c24679a54a18781e54,SYNC,TAMPER,FAIL,PASS,0,NONE,UNCHANGED,,COMPLETE,PASS,203071,197442,direct_python_execution
PYOBS-20260921T013915Z,108,受认证区域内载荷篡改,PDU-E,3,efdf03275f0fea9f,20301014,7b6ca5f07507e1981652d19fa102ff4a1de564b77ce6d0d4f53b68d1f83b7955,01d8cd96dbd8329b8a6d9edf3b76c3af7912f74eb8f2e52347dd1b699e6d7d2e,SYNC,TAMPER,FAIL,PASS,0,NONE,UNCHANGED,,COMPLETE,PASS,174183,171234,direct_python_execution
PYOBS-20260921T013915Z,109,受认证区域内载荷篡改,PDU-E,4,efdf03275f0fea9f,20301015,6000639009ce470274be31cdda3cd06353546df8c1321c61c996513d57d2006b,b9fe6675f60bd7835147928c8ae078524449fca3926822feeae52726d3039fac,SYNC,TAMPER,FAIL,PASS,0,NONE,UNCHANGED,,COMPLETE,PASS,176423,173210,direct_python_execution
PYOBS-20260921T013915Z,110,受认证区域内载荷篡改,PDU-E,5,efdf03275f0fea9f,20301016,e1f1c834c40b5819579f2cb8263a5e535d6ab0e3178ec01c682af97263013525,aec1cff1828473f2759fd49b300134e5a33cdbae68769cf900d50da38948990e,SYNC,TAMPER,FAIL,PASS,0,NONE,UNCHANGED,,COMPLETE,PASS,217591,212300,direct_python_execution
PYOBS-20260921T013915Z,111,全零认证器伪造,PDU-E,1,efdf03275f0fea9f,20301112,c06729f5ad196749c79fbeac072981ff125ba5d0dfc572ea130ce253505153e1,ef4b2d507994718fae10a2066da725fdc324d6a414f164e50c4a8d1baf4163c5,SYNC,TAMPER,FAIL,PASS,0,NONE,UNCHANGED,,COMPLETE,PASS,161306,159339,direct_python_execution
PYOBS-20260921T013915Z,112,全零认证器伪造,PDU-E,2,efdf03275f0fea9f,20301113,7a6a0b4e008be0870b712c717a09d94c5afe2d096c9bb360d89864c08b6ec225,5dff58eda418d3cf9d67396a2ed404665c2615934742d33a71d8186f47d076d8,SYNC,TAMPER,FAIL,PASS,0,NONE,UNCHANGED,,COMPLETE,PASS,157010,154887,direct_python_execution
PYOBS-20260921T013915Z,113,全零认证器伪造,PDU-E,3,efdf03275f0fea9f,20301114,61fd2a3735a7c1db86c04f47506d479d406a2e9a0d843c584b40ceef38906c9e,8c45e5aca7a8225ec12682ba71d544338cda14939166545fb2e632e3ad800539,SYNC,TAMPER,FAIL,PASS,0,NONE,UNCHANGED,,COMPLETE,PASS,158979,157064,direct_python_execution
PYOBS-20260921T013915Z,114,全零认证器伪造,PDU-E,4,efdf03275f0fea9f,20301115,b7fa15ab7f0f19af34a027d0a7857d3de85cd42c87ce101818e493b197205213,452b708f0d4cc575f3f1bc49059d5b211962d4105c1f12ab4d70f5d8e2f5a4ca,SYNC,TAMPER,FAIL,PASS,0,NONE,UNCHANGED,,COMPLETE,PASS,193247,188290,direct_python_execution
PYOBS-20260921T013915Z,115,全零认证器伪造,PDU-E,5,efdf03275f0fea9f,20301116,6340860135147efa89b8da842a7449d6494b1e1d60a820fe7dd2cb210b3611de,39e7430e7da7da40bf5ca6c65fc97d00e32dbda631387c349e2d40be18307d71,SYNC,TAMPER,FAIL,PASS,0,NONE,UNCHANGED,,COMPLETE,PASS,191447,188228,direct_python_execution
PYOBS-20260921T013915Z,116,已接收报文重放,PDU-E,1,efdf03275f0fea9f,20301212,cae1e2bec54b5be130ca9509d0043b0fba4410e86ce01474fe928f8ff1c9892c,5c83e6dadeac41460c2e7cbd389831bebc32d8d8a510a35a724cbdd3f91ec58c,SYNC,REPLAY,PASS,FAIL,0,NONE,UNCHANGED,,COMPLETE,PASS,164199,162142,direct_python_execution
PYOBS-20260921T013915Z,117,已接收报文重放,PDU-E,2,efdf03275f0fea9f,20301213,b74b4c432fd284ad5578911e273f79765ee585e6a4ef927e9a8cc266da4413d6,9fe8a3ba6571ff6f0391e400912e7952d8526d8ff31b701c888bedbb3e5eb680,SYNC,REPLAY,PASS,FAIL,0,NONE,UNCHANGED,,COMPLETE,PASS,158582,156722,direct_python_execution
PYOBS-20260921T013915Z,118,已接收报文重放,PDU-E,3,efdf03275f0fea9f,20301214,7c2c32f4fbae70e945f7fbe4384c9e29120b39a30d07d264c13c561d39e4a3c6,771ed6cb55336bdc643518dba6fa1fde035c2a64af40c0bd247c69da9679d621,SYNC,REPLAY,PASS,FAIL,0,NONE,UNCHANGED,,COMPLETE,PASS,156016,154264,direct_python_execution
PYOBS-20260921T013915Z,119,已接收报文重放,PDU-E,4,efdf03275f0fea9f,20301215,f028082ec697fc8868588f53b6bf0c2a7cf13b73565cfdb2675e0668e753cb93,6c28ff38dedc2ed7d08aad684a4fccdaa8ba304979aa99cfb819f1371198068f,SYNC,REPLAY,PASS,FAIL,0,NONE,UNCHANGED,,COMPLETE,PASS,158488,156920,direct_python_execution
PYOBS-20260921T013915Z,120,已接收报文重放,PDU-E,5,efdf03275f0fea9f,20301216,41bb9b97ec99837c997a9c6cc7706d0501669dc46c60e065eafe8316a39a3705,621bda00d8ca35a4b6d7c2cc26032469795e4c682039b52d774d8ba1337f1bd8,SYNC,REPLAY,PASS,FAIL,0,NONE,UNCHANGED,,COMPLETE,PASS,156651,155038,direct_python_execution
PYOBS-20260921T013915Z,121,严格策略下FV回绕候选,PDU-E,1,efdf03275f0fea9f,20301312,a6938124ab2038bab78ad83a14a50fe4d429fb53fdc48b91a1d11b600ae4fc51,9103dc9b8e2245fa5d5cceb169c6e2fc2f7ab390e29e4397c306e033a251b124,ROLLOVER_PENDING,BOUNDARY_OUT,PASS,PASS,0,AUTHENTICATED,UPDATED_AUTH,,COMPLETE,PASS,162225,160217,direct_python_execution
PYOBS-20260921T013915Z,122,严格策略下FV回绕候选,PDU-E,2,efdf03275f0fea9f,20301313,efe3d262d37daf646b0603b87b99aa8b7734fd09c3eb9162b0463bd89d435e1d,129d2f426cf6a91963a5663747ae0b32495896157836e7c4109069cad56459ed,ROLLOVER_PENDING,BOUNDARY_OUT,PASS,PASS,0,AUTHENTICATED,UPDATED_AUTH,,COMPLETE,PASS,186298,184232,direct_python_execution
PYOBS-20260921T013915Z,123,严格策略下FV回绕候选,PDU-E,3,efdf03275f0fea9f,20301314,21a74a442d0e741be0f7168ec3dcf0d27345c2c9ca8ffdcca6355e4aed3aa83a,5a6432464f8358c54c88a0664effaa2de78a4f5c156839715237c361dad80bf9,ROLLOVER_PENDING,BOUNDARY_OUT,PASS,PASS,0,AUTHENTICATED,UPDATED_AUTH,,COMPLETE,PASS,158176,156096,direct_python_execution
PYOBS-20260921T013915Z,124,严格策略下FV回绕候选,PDU-E,4,efdf03275f0fea9f,20301315,51116dd3dc40c5cd61863fe2a47e88a30baea0b7b07d8c6b0ea3eedbd9b9f5cb,89c18ce81c86a17e67e5818c84da1a8a9435b98e234a87594d9d5332f31cdd18,ROLLOVER_PENDING,BOUNDARY_OUT,PASS,PASS,0,AUTHENTICATED,UPDATED_AUTH,,COMPLETE,PASS,160852,158557,direct_python_execution
PYOBS-20260921T013915Z,125,严格策略下FV回绕候选,PDU-E,5,efdf03275f0fea9f,20301316,ac444d75fe31a0d2ae6f879cee1713cecdaa5b41b062ac7dc035282a7d1d5246,f78151b8280cec65d8a40934ccb55bdc91a13f6d61e5033ee70845d964fad68c,ROLLOVER_PENDING,BOUNDARY_OUT,PASS,PASS,0,AUTHENTICATED,UPDATED_AUTH,,COMPLETE,PASS,160528,158330,direct_python_execution
